0.00218146,0.01456522,0.76000000,0.00000000,0.00000000,-0.99990063,0.01409732,-0.31200000,0.00000000,0.00000000,0.66900000,-0.36300000,0.00000000,-0.31200000,0.00000000,0.00000000,0.66900000,-0.36300000,0.00000000,0.00000000,0.00000000,0.00000000,0.20000000,0.20000000,0.00000000,0.60000000,0.00000000,0.00000000,0.00000000,0.20000000,-0.20000000,0.00000000,0.60000000,0.00000000,0.00000000,0.00000000
0.00218146,0.01456522,0.76000587,0.00002372,-0.00001512,-0.99990064,0.01409633,-0.31186269,-0.00006704,0.00009363,0.66873341,-0.36292522,0.00003382,-0.31208325,-0.00000620,0.00001222,0.66883306,-0.36279358,0.00000000,-0.00002998,-0.00007018,0.00007689,0.20002354,0.20017358,-0.00014318,0.59991052,0.00003144,0.00000934,0.00001775,0.19998232,-0.20002580,0.00005189,0.60000186,-0.00000152,-0.00001128,0.00000797
0.00218146,0.01456522,0.76004698,0.00018979,-0.00012095,-0.99990072,0.01408934,-0.31090154,-0.00053636,0.00074904,0.66686726,-0.36240175,0.00027058,-0.31266604,-0.00004964,0.00009774,0.66766446,-0.36134861,0.00000000,-0.00023983,-0.00056142,0.00061515,0.20018834,0.20138865,-0.00114546,0.59928419,0.00025151,0.00007476,0.00014197,0.19985858,-0.20020638,0.00041508,0.60001487,-0.00001216,-0.00009021,0.00006375
0.00218146,0.01456522,0.76015855,0.00064055,-0.00040821,-0.99990072,0.01407036,-0.30829270,-0.00181020,0.00252800,0.66180199,-0.36098092,0.00091320,-0.31424787,-0.00016752,0.00032986,0.66449256,-0.35742656,0.00000000,-0.00080942,-0.00189481,0.00207614,0.20063563,0.20468669,-0.00386592,0.59758415,0.00084885,0.00025231,0.00047916,0.19952271,-0.20069655,0.00140091,0.60005020,-0.00004106,-0.00030446,0.00021517
0.00218146,0.01456522,0.76037582,0.00151834,-0.00096761,-0.99989991,0.01403339,-0.30321234,-0.00429085,0.00599230,0.65193806,-0.35821402,0.00216463,-0.31732828,-0.00039709,0.00078189,0.65831569,-0.34978887,0.00000000,-0.00191862,-0.00449140,0.00492123,0.20150669,0.21110920,-0.00916367,0.59427354,0.00201208,0.00059806,0.00113579,0.19886865,-0.20165107,0.00332068,0.60011900,-0.00009732,-0.00072168,0.00051003
0.00218146,0.01456522,0.76073403,0.00296550,-0.00188986,-0.99989620,0.01397241,-0.29483659,-0.00838056,0.01170371,0.63567589,-0.35365239,0.00422780,-0.32240681,-0.00077557,0.00152712,0.64813221,-0.33719702,0.00000000,-0.00374731,-0.00877226,0.00961177,0.20294275,0.22169765,-0.01789780,0.58881551,0.00392984,0.00116809,0.00221834,0.19779033,-0.20322475,0.00648570,0.60023242,-0.00019008,-0.00140953,0.00099615
0.00218146,0.01456522,0.76126841,0.00512436,-0.00326567,-0.99988519,0.01388136,-0.28234163,-0.01448161,0.02022401,0.61141594,-0.34684732,0.00730564,-0.32998296,-0.00134018,0.00263886,0.63294045,-0.31841245,0.00000000,-0.00647535,-0.01515846,0.01660914,0.20508507,0.23749355,-0.03092739,0.58067320,0.00679077,0.00201847,0.00383330,0.19618169,-0.20557237,0.01120729,0.60040162,-0.00032845,-0.00243567,0.00172134
0.00218146,0.01456522,0.76201418,0.00813721,-0.00518572,-0.99985885,0.01375414,-0.26490361,-0.02299626,0.03211498,0.57755864,-0.33735015,0.01160108,-0.34055628,-0.00212815,0.00419042,0.61173878,-0.29219662,0.00000000,-0.01028261,-0.02407107,0.02637471,0.20807490,0.25953836,-0.04911156,0.56930976,0.01078349,0.00320525,0.00608714,0.19393666,-0.20884872,0.01779676,0.60063776,-0.00052157,-0.00386775,0.00273343
0.00218146,0.01456522,0.76300659,0.01214628,-0.00774063,-0.99980399,0.01358457,-0.24169869,-0.03432678,0.04793840,0.53250444,-0.32471217,0.01731706,-0.35462628,-0.00317671,0.00625508,0.58352552,-0.25731099,0.00000000,-0.01534897,-0.03593116,0.03936982,0.21205350,0.28887359,-0.07330938,0.55418833,0.01609664,0.00478451,0.00908634,0.19094918,-0.21320859,0.02656543,0.60095199,-0.00077856,-0.00577344,0.00408021
0.00218146,0.01456522,0.76428087,0.01729359,-0.01102094,-0.99970036,0.01336639,-0.21190301,-0.04887543,0.06825604,0.47465379,-0.30848472,0.02465652,-0.37269250,-0.00452310,0.00890616,0.54729903,-0.21251702,0.00000000,-0.02185430,-0.05115980,0.05605586,0.21716211,0.32654072,-0.10437995,0.53477205,0.02291885,0.00681232,0.01293738,0.18711319,-0.21880676,0.03782461,0.60135547,-0.00110853,-0.00822038,0.00580952
0.00218146,0.01456522,0.76587225,0.02372088,-0.01511695,-0.99951857,0.01309322,-0.17469274,-0.06704449,0.09362969,0.40240712,-0.28821909,0.03382239,-0.39525445,-0.00620452,0.01221696,0.50205766,-0.15657615,0.00000000,-0.02997846,-0.07017805,0.07689418,0.22354199,0.37358123,-0.14318238,0.51052407,0.03143875,0.00934475,0.01774675,0.18232262,-0.22579802,0.05188560,0.60185935,-0.00152062,-0.01127625,0.00796917
0.00218146,0.01456522,0.76781596,0.03156928,-0.02011860,-0.99921761,0.01275854,-0.12924404,-0.08923622,0.12462111,0.31416487,-0.26346661,0.04501760,-0.42281168,-0.00825822,0.01626077,0.44679974,-0.08824986,0.00000000,-0.03990133,-0.09340699,0.10234616,0.23133440,0.43103662,-0.19057575,0.48090754,0.04184498,0.01243786,0.02362092,0.17647141,-0.23433717,0.06905974,0.60247480,-0.00202394,-0.01500869,0.01060696
0.00218146,0.01456522,0.77014725,0.04097894,-0.02611523,-0.99874224,0.01235567,-0.07473306,-0.11585288,0.16179210,0.20832750,-0.23377859,0.05844509,-0.45586369,-0.01072141,0.02111090,0.38052363,-0.00629960,0.00000000,-0.05180278,-0.12126767,0.13287315,0.24068057,0.49994837,-0.24741915,0.44538560,0.05432616,0.01614773,0.03066638,0.16945349,-0.24457898,0.08965832,0.60321296,-0.00262763,-0.01948536,0.01377073
0.00218146,0.01456522,0.77290133,0.05208844,-0.03319515,-0.99801994,0.01187774,-0.01033596,-0.14729674,0.20570442,0.08329543,-0.19870634,0.07430779,-0.49491003,-0.01363133,0.02684066,0.30222768,0.09051319,0.00000000,-0.06586268,-0.15418118,0.16893652,0.25172176,0.58135797,-0.31457169,0.40342139,0.06907094,0.02053041,0.03898961,0.16116281,-0.25667825,0.11399267,0.60408500,-0.00334079,-0.02477392,0.01750827
0.00218146,0.01456522,0.77611345,0.06503398,-0.04144513,-0.99695777,0.01131772,0.06477111,-0.18397008,0.25691986,-0.06253088,-0.15780118,0.09280864,-0.54045022,-0.01702520,0.03352333,0.21091022,0.20342703,0.00000000,-0.08226090,-0.19256857,0.21099764,0.26459923,0.67630690,-0.39289245,0.35447806,0.08626793,0.02564199,0.04869708,0.15149328,-0.27078977,0.14237410,0.60510206,-0.00417257,-0.03094202,0.02186740
0.00218146,0.01456522,0.77611345,0.06503398,-0.04144513,-0.99695777,0.01131772,0.06477111,-0.18397008,0.25691986,-0.06253088,-0.15780118,0.09280864,-0.54045022,-0.01702520,0.03352333,0.21091022,0.20342703,0.00000000,-0.08226090,-0.19256857,0.21099764,0.26459923,0.67630690,-0.39289245,0.35447806,0.08626793,0.02564199,0.04869708,0.15149328,-0.27078977,0.14237410,0.60510206,-0.00417257,-0.03094202,0.02186740
-0.00231890,0.01590354,0.77649009,0.06918315,-0.03932256,-0.99676700,0.01108955,0.06081314,-0.17543562,0.25740200,-0.05943456,-0.16298564,0.08991793,-0.54235327,-0.00976910,0.03162158,0.21047211,0.19890802,-0.00321074,-0.08407740,-0.18837066,0.21609519,0.25696692,0.67810434,-0.39248362,0.35322458,0.08690286,0.02559756,0.04973866,0.14646143,-0.27095476,0.14431939,0.60206836,-0.00427067,-0.03143625,0.02212849
-0.00711604,0.01752910,0.77724981,0.07295072,-0.03650343,-0.99660278,0.01133938,0.05510636,-0.16488616,0.25905797,-0.05310827,-0.17152523,0.08421218,-0.54467493,-0.00071731,0.02964191,0.21006836,0.19261201,-0.00632421,-0.08584721,-0.18222122,0.22206230,0.24656436,0.68037492,-0.39301848,0.35158628,0.08806889,0.02587259,0.05120442,0.14029980,-0.27189288,0.14735264,0.59786409,-0.00444800,-0.03167682,0.02239773
-0.01212513,0.01950571,0.77720040,0.07711442,-0.03325236,-0.99640040,0.01157132,0.04857007,-0.15244010,0.26160252,-0.04416675,-0.18135859,0.07608952,-0.54638928,0.00871204,0.02782182,0.21055780,0.18550381,-0.00971041,-0.08778235,-0.17447270,0.22808056,0.23531620,0.68303329,-0.39448667,0.34963533,0.08965372,0.02645917,0.05289863,0.13445257,-0.27384803,0.15077943,0.59324425,-0.00467605,-0.03155136,0.02254705
-0.01733503,0.02146690,0.77768701,0.08220152,-0.03003174,-0.99608489,0.01248568,0.04247208,-0.13843356,0.26480329,-0.03406261,-0.19309443,0.06581264,-0.54784364,0.01924543,0.02578686,0.21240036,0.17827696,-0.01345715,-0.08955887,-0.16562930,0.23347622,0.22400825,0.68562734,-0.39693338,0.34677991,0.09155203,0.02699416,0.05462235,0.12874457,-0.27629650,0.15442060,0.58823413,-0.00493238,-0.03128382,0.02265158
-0.02371103,0.02365866,0.77719402,0.08636239,-0.02640927,-0.99582563,0.01324410,0.03634104,-0.12356739,0.26816893,-0.02343192,-0.20531633,0.05390623,-0.54887587,0.02982199,0.02376679,0.21438773,0.16822626,-0.01778456,-0.09169255,-0.15579678,0.23799889,0.21301639,0.68862528,-0.39981976,0.34329078,0.09366145,0.02753638,0.05639594,0.12326895,-0.27923939,0.15793841,0.58282906,-0.00519833,-0.03100773,0.02268524
-0.03029884,0.02618612,0.77784735,0.09076486,-0.02261644,-0.99551827,0.01391410,0.03021176,-0.10769335,0.27168116,-0.01248323,-0.21665572,0.04102305,-0.55008376,0.04162702,0.02106539,0.21684913,0.15665625,-0.02267322,-0.09460003,-0.14569362,0.24145377,0.20214608,0.69165134,-0.40303135,0.33916119,0.09590773,0.02796259,0.05816810,0.11799963,-0.28218728,0.16146900,0.57669908,-0.00546666,-0.03092656,0.02275985
-0.03761448,0.02870226,0.77841961,0.09582442,-0.01906276,-0.99510479,0.01485787,0.02370209,-0.09097090,0.27536926,-0.00179378,-0.22716931,0.02780368,-0.55160272,0.05317552,0.01815487,0.22012870,0.14519894,-0.02816877,-0.09776885,-0.13540070,0.24417816,0.19223493,0.69528455,-0.40620717,0.33522132,0.09822485,0.02859247,0.05999197,0.11344567,-0.28527805,0.16492161,0.56996381,-0.00573257,-0.03094684,0.02287205
-0.04566156,0.03182205,0.77931350,0.10098180,-0.01563340,-0.99464000,0.01579713,0.01726614,-0.07353090,0.27927536,0.01015976,-0.23637158,0.01443764,-0.55266219,0.06529233,0.01492687,0.22347379,0.13202241,-0.03412752,-0.10160165,-0.12528770,0.24620515,0.18301010,0.69919151,-0.40936545,0.33158177,0.10058465,0.02940143,0.06184483,0.10991612,-0.28829518,0.16840985,0.56255662,-0.00599310,-0.03106392,0.02308223
-0.05448305,0.03487495,0.77968967,0.10582194,-0.01307535,-0.99416074,0.01658831,0.01094048,-0.05826462,0.28346211,0.02653024,-0.23923086,0.00000000,-0.55173951,0.07505343,0.01217042,0.22729817,0.11792634,-0.04062526,-0.10532224,-0.11749385,0.24803022,0.17432153,0.70244569,-0.41274750,0.32855383,0.10296354,0.03053058,0.06361195,0.10739463,-0.29108569,0.17188379,0.55508262,-0.00624569,-0.03095013,0.02337883
-0.06377300,0.03807360,0.78031051,0.11053424,-0.01172131,-0.99364273,0.01785829,0.00432712,-0.04473598,0.28789625,0.04521396,-0.24013942,-0.01028750,-0.54915446,0.08289232,0.00984297,0.23109147,0.10242829,-0.04756445,-0.10945261,-0.11179852,0.25005448,0.16544069,0.70531493,-0.41599524,0.32603660,0.10535811,0.03196607,0.06538975,0.10563738,-0.29329979,0.17544153,0.54731536,-0.00648355,-0.03080284,0.02382235
-0.07336781,0.04165471,0.78234398,0.11449847,-0.01122987,-0.99317249,0.01929756,-0.00270476,-0.03189291,0.29247388,0.06739453,-0.23758680,-0.02102287,-0.54510194,0.08931886,0.00765963,0.23468682,0.08607475,-0.05490217,-0.11396980,-0.10725399,0.25161579,0.15683617,0.70775712,-0.41926137,0.32331586,0.10777090,0.03337996,0.06711348,0.10508792,-0.29600546,0.17848635,0.53981376,-0.00669419,-0.03048330,0.02421460
-0.08375550,0.04569853,0.78439850,0.11810402,-0.01152158,-0.99271773,0.02074144,-0.01058941,-0.01948860,0.29728830,0.09288678,-0.23308675,-0.03065755,-0.53929693,0.09438559,0.00574635,0.23815772,0.06917832,-0.06256222,-0.11863489,-0.10394372,0.25280708,0.14848775,0.70998549,-0.42229974,0.32039163,0.11018041,0.03484410,0.06879400,0.10560112,-0.29893345,0.18112116,0.53259790,-0.00687330,-0.03014182,0.02461272
-0.09424493,0.04961593,0.78547066,0.12167004,-0.01195300,-0.99225810,0.02184907,-0.01960108,-0.00720058,0.30247483,0.12181190,-0.22634107,-0.03867246,-0.53263581,0.09913853,0.00393848,0.24157740,0.05190826,-0.07047866,-0.12240276,-0.10121427,0.25426465,0.14075427,0.71162170,-0.42530137,0.31700468,0.11255666,0.03625838,0.07029412,0.10638323,-0.30126995,0.18373612,0.52575386,-0.00702275,-0.02987929,0.02516755
-0.10522723,0.05371618,0.78654259,0.12494182,-0.01301855,-0.99181768,0.02275417,-0.02948182,0.00432701,0.30844378,0.15484358,-0.21773100,-0.04474365,-0.52394825,0.10320650,0.00284216,0.24423096,0.03372271,-0.07855529,-0.12545814,-0.09901030,0.25476784,0.13392678,0.71337354,-0.42787895,0.31307682,0.11486163,0.03759430,0.07167256,0.10812324,-0.30397013,0.18584774,0.51990575,-0.00713623,-0.02950774,0.02570356
-0.11700521,0.05748167,0.78765512,0.12811683,-0.01424611,-0.99138556,0.02319058,-0.04015135,0.01639923,0.31509468,0.19243044,-0.20722578,-0.04854658,-0.51415545,0.10721066,0.00232530,0.24634887,0.01524297,-0.08670463,-0.12741898,-0.09716103,0.25481576,0.12831454,0.71466339,-0.43040678,0.30824974,0.11704041,0.03858078,0.07274026,0.11012930,-0.30677134,0.18753134,0.51502347,-0.00721252,-0.02909628,0.02624297
-0.12929136,0.06079016,0.78752828,0.13139334,-0.01506847,-0.99096163,0.02244488,-0.05286306,0.02943132,0.32216787,0.23464544,-0.19305228,-0.04991867,-0.50288516,0.11201350,0.00207372,0.24891448,-0.00362120,-0.09479377,-0.12865478,-0.09470470,0.25494188,0.12429432,0.71600354,-0.43256992,0.30306914,0.11899831,0.03935423,0.07351587,0.11258687,-0.30937567,0.18888541,0.51121229,-0.00725283,-0.02860069,0.02681249
-0.14225398,0.06387309,0.78820109,0.13373324,-0.01578242,-0.99066394,0.02124362,-0.06613964,0.04283687,0.32935029,0.28203353,-0.17639033,-0.04860392,-0.48999149,0.11659285,0.00268570,0.25089151,-0.02376832,-0.10269161,-0.12928118,-0.09283962,0.25413129,0.12286942,0.71757281,-0.43452594,0.29802665,0.12062184,0.03992905,0.07387648,0.11602731,-0.31203791,0.18965869,0.50830090,-0.00725049,-0.02807292,0.02729879
-0.15604122,0.06652132,0.78915864,0.13628684,-0.01639134,-0.99034621,0.01927702,-0.08096973,0.05607912,0.33529630,0.33415642,-0.15533036,-0.04473432,-0.47624958,0.12190318,0.00375995,0.25379440,-0.04517575,-0.11024930,-0.12949300,-0.09105457,0.25306863,0.12362310,0.71963006,-0.43581083,0.29368630,0.12179711,0.04035914,0.07391940,0.11977118,-0.31417841,0.19006395,0.50578105,-0.00722617,-0.02767577,0.02773873
-0.17017941,0.06903103,0.79062980,0.13870938,-0.01712143,-0.99004736,0.01651614,-0.09740441,0.06928303,0.33874717,0.39065978,-0.12960327,-0.03840163,-0.46124965,0.12745321,0.00531668,0.25859329,-0.06756632,-0.11727222,-0.12934132,-0.09003122,0.25172567,0.12698421,0.72221512,-0.43643141,0.29066521,0.12240773,0.04069230,0.07359233,0.12431699,-0.31565133,0.19033322,0.50335830,-0.00719067,-0.02745252,0.02815995
-0.18479475,0.07114093,0.78865898,0.14066615,-0.01769745,-0.98980956,0.01329919,-0.11474359,0.08234421,0.33883253,0.45100221,-0.09814551,-0.03004100,-0.44608074,0.13243930,0.00779390,0.26434529,-0.09293678,-0.12350599,-0.12879747,-0.08903614,0.24998100,0.13224535,0.72548813,-0.43595964,0.28879026,0.12237840,0.04061922,0.07304059,0.12958078,-0.31628382,0.19076605,0.50065058,-0.00716334,-0.02749618,0.02858729
-0.19936390,0.07297525,0.78783619,0.14237190,-0.01725107,-0.98961932,0.00928654,-0.13305250,0.09645151,0.33479363,0.51263899,-0.05949283,-0.02030547,-0.43095958,0.14009012,0.00958807,0.27336961,-0.12087335,-0.12853894,-0.12745111,-0.08631723,0.24855566,0.13985591,0.72926426,-0.43431488,0.28855717,0.12161883,0.04016026,0.07226434,0.13558236,-0.31656316,0.19139102,0.49768484,-0.00716115,-0.02770638,0.02891081
-0.21503891,0.07458737,0.78625393,0.14379868,-0.01568454,-0.98947102,0.00479923,-0.15149744,0.11012588,0.32680458,0.57369661,-0.01751908,-0.01000499,-0.41580957,0.14957392,0.01067839,0.28574210,-0.15162772,-0.13189715,-0.12496981,-0.08199701,0.24748830,0.15015174,0.73258847,-0.43177950,0.29011711,0.12005207,0.03916594,0.07114683,0.14277628,-0.31664625,0.19264483,0.49469361,-0.00724489,-0.02792319,0.02914535
-0.23236127,0.07601901,0.78474516,-0.14457031,0.01312804,0.98940743,0.00012815,-0.17020452,0.12169696,0.31545481,0.63155931,0.02622413,0.00000000,-0.39992425,0.16080795,0.01083983,0.30258453,-0.18631719,-0.13308349,-0.12116558,-0.07564833,0.24645840,0.16368359,0.73437232,-0.42871037,0.29365420,0.11762160,0.03752834,0.06954993,0.15130761,-0.31730229,0.19468409,0.49170262,-0.00745053,-0.02812728,0.02918394
-0.24983659,0.07722054,0.78089100,-0.14566855,0.01147819,0.98925269,0.00529586,-0.18774927,0.12748665,0.30183804,0.68572217,0.05956930,0.00990936,-0.38424098,0.16865054,0.01105607,0.32110164,-0.22304858,-0.13159996,-0.11655935,-0.07015824,0.24492411,0.17887817,0.73516977,-0.42436811,0.29918674,0.11433323,0.03519459,0.06769766,0.16039801,-0.31871924,0.19745332,0.48856390,-0.00782627,-0.02838711,0.02879645
-0.26843834,0.07774994,0.77901483,-0.14671301,0.01249367,0.98904723,0.01023585,-0.20876104,0.12511700,0.28875330,0.73923135,0.07112242,0.01939455,-0.36728185,0.16892876,0.01282279,0.33965683,-0.26004267,-0.12728654,-0.11137413,-0.06816384,0.24536958,0.19589107,0.73405463,-0.41921878,0.30761701,0.11018265,0.03254770,0.06536552,0.16988800,-0.32100713,0.20117831,0.48612872,-0.00845363,-0.02817963,0.02780612
-0.28759176,0.07807900,0.77872372,-0.14700499,0.01475239,0.98891295,0.01493575,-0.23714799,0.11620334,0.27745029,0.78741795,0.06142441,0.02829105,-0.35011467,0.16399460,0.01321587,0.36217687,-0.28978404,-0.12083984,-0.10539204,-0.06912619,0.24939437,0.21430205,0.73018414,-0.41349101,0.31897476,0.10522024,0.02961362,0.06244031,0.17824806,-0.32417989,0.20640106,0.48436025,-0.00944144,-0.02736413,0.02609425
-0.30654705,0.07749102,0.77761710,-0.14741952,0.01724553,0.98873943,0.01908990,-0.27241781,0.10442520,0.26857349,0.82592225,0.03701450,0.03626364,-0.33439991,0.15533270,0.01106906,0.38872942,-0.31150714,-0.11346835,-0.09824880,-0.07121616,0.25769296,0.23398989,0.72391629,-0.40692961,0.33295250,0.09953250,0.02633612,0.05897423,0.18426010,-0.32854813,0.21372771,0.48293367,-0.01093458,-0.02591985,0.02350906
-0.32637230,0.07647497,0.77776980,-0.14764052,0.02045423,0.98857459,0.02245400,-0.31468764,0.09225124,0.26340327,0.85088527,0.00387263,0.04313182,-0.32062560,0.14239021,0.00619633,0.41895735,-0.32352570,-0.10645592,-0.08995511,-0.07399286,0.27017093,0.25537148,0.71621841,-0.39932296,0.34918082,0.09322882,0.02269264,0.05499129,0.18757741,-0.33462667,0.22391576,0.48145843,-0.01311374,-0.02386596,0.01992659
-0.34664282,0.07480080,0.77898526,-0.14774415,0.02424967,0.98841083,0.02505295,-0.36453632,0.08059376,0.26366302,0.85853267,-0.03371688,0.04877466,-0.30942819,0.12507340,-0.00130802,0.45314679,-0.32712314,-0.10080967,-0.08080022,-0.07749841,0.28788349,0.27819291,0.70761389,-0.39082980,0.36697233,0.08645924,0.01855052,0.05041221,0.18673778,-0.34250268,0.23774131,0.47967446,-0.01617026,-0.02113346,0.01520699
-0.36725193,0.07262716,0.78119689,-0.14779736,0.02848441,0.98824439,0.02678806,-0.42172071,0.06984658,0.26966739,0.84802318,-0.07261859,0.05318014,-0.30167228,0.10352869,-0.01085990,0.49277192,-0.32413283,-0.09689599,-0.07129559,-0.08147869,0.31223977,0.30186704,0.69884384,-0.38155410,0.38567221,0.07940409,0.01375860,0.04522396,0.17962530,-0.35240000,0.25543290,0.47766566,-0.02025841,-0.01743856,0.00889744
-0.38879892,0.06985428,0.78230727,-0.14747582,0.03306890,0.98811948,0.02787874,-0.48558813,0.05948609,0.27972376,0.82268041,-0.11063845,0.05649301,-0.29795352,0.07876607,-0.02166865,0.53977895,-0.31747040,-0.09422425,-0.06177963,-0.08505616,0.34467751,0.32535514,0.69092035,-0.37128049,0.40494829,0.07224437,0.00799296,0.03956469,0.16286166,-0.36407432,0.27655703,0.47515011,-0.02544357,-0.01257412,0.00000000
-0.41022363,0.06643964,0.78168297,-0.14626552,0.03652549,0.98815854,0.02854805,-0.55536830,0.05065084,0.29053792,0.78347856,-0.13800883,0.05875554,-0.29669216,0.05447492,-0.03299057,0.59622747,-0.31425676,-0.09158371,-0.05260773,-0.08490971,0.38472080,0.34882456,0.68412483,-0.36023566,0.42434737,0.06513135,0.00000000,0.03345449,0.13319941,-0.37804964,0.29940495,0.47091496,-0.03166780,-0.00667192,-0.00255369
-0.43291834,0.06234139,0.77677584,-0.14346054,0.03839087,0.98848664,0.02897215,-0.63107842,0.04376782,0.29994345,0.73762685,-0.15259685,0.06026346,-0.29438668,0.03343057,-0.04316320,0.66124225,-0.32259747,-0.08740193,-0.04523984,-0.07961870,0.43297604,0.37098897,0.67839557,-0.34797350,0.44369122,0.05813336,-0.00097443,0.02709789,0.08849527,-0.39455003,0.32185066,0.46345815,-0.03878335,0.00000000,-0.00762226
-0.45492175,0.05826670,0.76868075,-0.13919810,0.03893053,0.98908055,0.02877437,-0.71513450,0.03946697,0.30651584,0.69226325,-0.16325784,0.06147180,-0.28637668,0.01813132,-0.05031725,0.73132497,-0.35164231,-0.08024523,-0.03992668,-0.06965660,0.49077958,0.38994300,0.67393279,-0.33328608,0.46415597,0.05126452,-0.00401028,0.02088585,0.02438771,-0.41355562,0.34073633,0.44899184,-0.04661202,0.01094588,-0.01409000
-0.47629470,0.05372002,0.75466335,-0.13332626,0.03782940,0.98993506,0.02866407,-0.80738801,0.04016665,0.30917114,0.64871162,-0.17071362,0.06262322,-0.26757619,0.01250992,-0.05406542,0.80405539,-0.40403017,-0.06931572,-0.03632682,-0.05440922,0.55692458,0.40715089,0.67072284,-0.31546223,0.48704413,0.04449782,-0.00716040,0.01504586,-0.05861434,-0.43595222,0.35333130,0.42432019,-0.05508306,0.02276024,-0.02121001
-0.49915162,0.04992097,0.73551035,-0.12645261,0.03454542,0.99093793,0.02929806,-0.90461928,0.04670964,0.30758500,0.60981292,-0.17645863,0.06373964,-0.23615377,0.01482771,-0.05446910,0.87498754,-0.47257769,-0.05503760,-0.03086307,-0.03436689,0.62800759,0.42539912,0.66965550,-0.29372841,0.51383096,0.03785414,-0.00848544,0.00998200,-0.15876326,-0.46072525,0.35893783,0.38522619,-0.06431933,0.03533000,-0.02820174
-0.52602309,0.04649903,0.71355188,-0.12039092,0.03127753,0.99172315,0.03182656,-1.00526035,0.05601314,0.30357412,0.58194172,-0.18280314,0.06442042,-0.18952547,0.01621587,-0.05017773,0.92940611,-0.53406841,-0.03873244,-0.01800019,-0.01299217,0.69390506,0.44990051,0.67182136,-0.26921892,0.54497713,0.03152489,-0.00637712,0.00578043,-0.27450079,-0.48681340,0.35723656,0.32622850,-0.07466824,0.04630209,-0.03497535
-0.55856097,0.04311834,0.68958914,-0.11840785,0.03148299,0.99171694,0.03854768,-1.10829234,0.06450533,0.29931366,0.57287365,-0.19154432,0.06414159,-0.12444002,0.00566408,-0.04025153,0.94431156,-0.56499183,-0.02241546,0.00723547,0.00353338,0.73887539,0.48413089,0.67874056,-0.24489459,0.57885218,0.02593871,0.00000000,0.00247468,-0.40470406,-0.51325685,0.34827232,0.24354064,-0.08658296,0.05248036,-0.04206322
-0.60158485,0.03998038,0.66929889,-0.12634169,0.03616011,0.99006617,0.04999210,-1.20569921,0.07009292,0.29484811,0.59220135,-0.20219681,0.06239701,-0.04710945,-0.02203590,-0.02603491,0.90901041,-0.55583632,-0.00828652,0.04691221,0.00990381,0.75439787,0.52433151,0.68924963,-0.22595693,0.61092025,0.02173579,0.00237890,0.00009826,-0.54449648,-0.53917569,0.33336678,0.14229602,-0.10027556,0.05326791,-0.04989960
-0.65595376,0.03679936,0.65573037,-0.14664143,0.04542828,0.98609139,0.06368932,-1.28070700,0.07229008,0.29152852,0.65057290,-0.21495122,0.05958658,0.02147977,-0.06438667,-0.01322024,0.83486855,-0.49551976,0.00164992,0.09654053,0.00080966,0.74225223,0.55589950,0.70335972,-0.21637905,0.63399529,0.01960698,0.00678182,0.00000000,-0.67969871,-0.56307948,0.31713536,0.03782520,-0.11535192,0.05130020,-0.05778854
-0.72197372,0.03583298,0.64987242,-0.17637490,0.05649691,0.97988573,0.07432332,-1.32297754,0.06581505,0.29049546,0.74662358,-0.23110613,0.05482387,0.05794140,-0.11138565,-0.00813443,0.76541311,-0.38201433,0.00580886,0.14564057,-0.02488682,0.71645850,0.55563474,0.71941668,-0.21943502,0.64135146,0.02022455,0.01098167,0.00000000,-0.78717309,-0.58072764,0.30796561,-0.05205847,-0.13066705,0.04896715,-0.06372570
-0.79831553,0.03743135,0.65209651,-0.20239981,0.06950104,0.97390831,0.07554156,-1.34254992,0.04884385,0.29649064,0.86272490,-0.25276831,0.04695350,0.04228369,-0.14634454,-0.01283602,0.74766457,-0.22798692,0.00561757,0.17693914,-0.06962887,0.69939369,0.50141376,0.73364198,-0.23774505,0.62833053,0.02414922,0.01297988,0.00000000,-0.83835733,-0.58611268,0.31548357,-0.11291368,-0.14429460,0.04618441,-0.06507281
-0.87490612,0.04218947,0.65983909,-0.22093120,0.07863486,0.96979380,0.06712631,-1.32512486,0.02293648,0.29907337,0.96548277,-0.29086262,0.03618289,-0.01242786,-0.15937446,-0.02695043,0.82922250,-0.08985594,0.00049260,0.17773174,-0.12334162,0.69692379,0.38165745,0.74341244,-0.26905006,0.59711260,0.03176440,0.01401723,0.00000000,-0.81382191,-0.57641858,0.34076661,-0.13435841,-0.15374470,0.04146688,-0.06127063
-0.95241416,0.04636152,0.66814774,-0.23016801,0.07833672,0.96874503,0.04918455,-1.25412989,-0.01031155,0.29511660,1.03151691,-0.34631050,0.02054844,-0.11934533,-0.13907510,-0.05446677,0.99737322,-0.00285160,-0.00935915,0.14752127,-0.18506521,0.72054011,0.19719191,0.75000435,-0.30663186,0.55359036,0.04321858,0.01723855,0.00033558,-0.70138466,-0.55371851,0.38383809,-0.10273191,-0.15610008,0.03654838,-0.05040426
-1.02944517,0.04839977,0.67738420,-0.22952221,0.07045984,0.97055970,0.01920528,-1.14692664,-0.04430715,0.28013623,1.06734860,-0.41529390,0.00000000,-0.29043034,-0.10008529,-0.09200464,1.20550156,0.02052341,-0.02408673,0.08820705,-0.24644694,0.77576113,-0.04998500,0.76557726,-0.33611619,0.49893013,0.05848278,0.02363329,0.00981395,-0.52457422,-0.52764559,0.42893437,-0.01141242,-0.14936005,0.03384674,-0.03443650
-1.10567772,0.05003825,0.68631059,0.22245606,-0.05853671,-0.97298703,0.01957023,-1.02061760,-0.06740949,0.25124463,1.09721136,-0.48686013,-0.01534988,-0.51057923,-0.07001825,-0.12548332,1.39506602,-0.01080478,-0.04344042,0.00000000,-0.29444909,0.84759682,-0.34725657,0.79791158,-0.34908724,0.42933324,0.07734824,0.03125887,0.02694871,-0.32021403,-0.51570028,0.44768116,0.13238421,-0.13340650,0.03395472,-0.01948895
-1.18241179,0.05160324,0.69254446,0.20867037,-0.04316318,-0.97512207,0.06107840,-0.87364495,-0.06651486,0.20874776,1.11478496,-0.56222618,-0.03264793,-0.75024259,-0.05715067,-0.14516331,1.51578760,-0.07547056,-0.06475083,-0.11267953,-0.32499525,0.90388024,-0.67164177,0.85017991,-0.34463853,0.34628609,0.09914642,0.03962334,0.04844882,-0.11667479,-0.54124057,0.41467986,0.31039551,-0.11040805,0.03592693,-0.01222907
-1.26303232,0.05153150,0.69587684,0.19271564,-0.02298570,-0.97608114,0.09796915,-0.70027113,-0.02664812,0.15777370,1.09749162,-0.61220574,-0.04823051,-0.97629690,-0.05842155,-0.14635983,1.53529763,-0.15278870,-0.08447018,-0.23202306,-0.33869344,0.92468280,-0.99045658,0.91179526,-0.33278051,0.25900674,0.12218891,0.05000819,0.06799731,0.07047915,-0.61434090,0.33100459,0.50023687,-0.08432864,0.03844587,-0.01374825
-1.35418594,0.04989718,0.69841510,0.18109110,0.00198472,-0.97616489,0.11960008,-0.50175232,0.04890638,0.10363229,1.01966631,-0.60113120,-0.05786237,-1.16781223,-0.06386292,-0.13389400,1.45410919,-0.22604923,-0.09867134,-0.33478186,-0.32673645,0.90835917,-1.26218522,0.96600109,-0.32879588,0.17848711,0.14371136,0.06255880,0.07877513,0.23207891,-0.72281098,0.22032318,0.67923373,-0.05956350,0.04044409,-0.02079313
-1.45570827,0.04614791,0.70155442,0.17693324,0.02930379,-0.97626883,0.12138818,-0.29082850,0.12295473,0.05988237,0.88789356,-0.52097416,-0.06108526,-1.31621432,-0.06240887,-0.12235489,1.29792011,-0.28321999,-0.10383100,-0.40288338,-0.28592750,0.86041909,-1.45878983,1.00742948,-0.33538577,0.11295307,0.16071917,0.07600666,0.07967258,0.36020586,-0.83906388,0.11049814,0.82603335,-0.03939737,0.04065038,-0.02968802
-1.56488800,0.04502669,0.70235866,0.17997637,0.04950428,-0.97566396,0.11505510,-0.09550519,0.18407583,0.03791608,0.73863226,-0.38055903,-0.05616284,-1.41785896,-0.05809892,-0.11396534,1.10111904,-0.31878632,-0.09923494,-0.43999597,-0.23461640,0.79374218,-1.56959176,1.03793097,-0.34309122,0.06643400,0.17104858,0.08860279,0.07485866,0.45231488,-0.92271560,0.02700302,0.92579949,-0.02505664,0.03848666,-0.03536018
-1.67763710,0.04787611,0.70021474,0.18438370,0.05789811,-0.97528730,0.10707542,0.04081142,0.20685484,0.03487444,0.62609833,-0.20688656,-0.04596630,-1.46379972,-0.05901874,-0.10680570,0.90735638,-0.33407623,-0.08709656,-0.44968528,-0.18928166,0.73181933,-1.58992469,1.06048667,-0.34382796,0.04009233,0.17399932,0.09891885,0.06897082,0.49625897,-0.94638282,-0.01687997,0.97096169,-0.01616447,0.03339988,-0.03461736
-1.79340172,0.05313142,0.70751876,0.19040013,0.05146050,-0.97532897,0.09916154,0.11020351,0.18320924,0.04801680,0.61564684,-0.06887089,-0.03207008,-1.44481146,-0.06688073,-0.10301420,0.75855488,-0.33474767,-0.07087409,-0.43007660,-0.15438236,0.69605070,-1.52401149,1.07359469,-0.33601779,0.03299833,0.17043278,0.10599816,0.06498526,0.47634956,-0.89637077,-0.01638687,0.96066546,-0.01167477,0.02418239,-0.02611878
-1.90549350,0.05828074,0.71764964,0.19200586,0.04163545,-0.97648046,0.08880397,0.10462561,0.12268934,0.07196720,0.72084010,0.01758253,-0.01561738,-1.36193705,-0.06405157,-0.11160141,0.68711877,-0.32764235,-0.05308499,-0.38466388,-0.12164242,0.69267517,-1.39186406,1.06903565,-0.32638672,0.04638310,0.16206568,0.11111904,0.06244577,0.38933110,-0.79566610,0.02018660,0.90718532,-0.01079035,0.01336628,-0.01421459
-2.01589990,0.06351484,0.72522736,0.18869095,0.03432375,-0.97881138,0.07173483,0.02516671,0.06069986,0.09993526,0.92486638,0.05279003,0.00373970,-1.22871828,-0.03807211,-0.12990445,0.69050097,-0.32038683,-0.03529742,-0.31947401,-0.08341380,0.71818197,-1.22417593,1.04304492,-0.32154912,0.07695279,0.15112063,0.11503962,0.06000343,0.24382927,-0.67763096,0.07766554,0.82859784,-0.01312433,0.00524055,-0.00501095
-2.12502384,0.06896992,0.72611612,0.18049385,0.03186131,-0.98195843,0.04652388,-0.12153742,0.02440871,0.12570962,1.17748141,0.04721233,0.02713645,-1.08954000,0.00803357,-0.15001713,0.73519498,-0.32393974,-0.01858977,-0.24187037,-0.03852450,0.76874471,-1.05166924,0.99897659,-0.32328722,0.11563013,0.13962942,0.11714797,0.05691257,0.05009627,-0.56817687,0.14019397,0.73667610,-0.01851922,0.00138607,-0.00253848
-2.23105168,0.07558544,0.72746938,0.17126103,0.03297949,-0.98455784,0.01509551,-0.33127499,0.01534348,0.14607418,1.40617287,0.01177405,0.04928207,-0.96181703,0.06221422,-0.16509239,0.79813522,-0.34801108,-0.00389150,-0.15256213,0.00812771,0.83448583,-0.89623988,0.94301325,-0.32912913,0.14751884,0.12886995,0.11428323,0.05322416,-0.18520428,-0.47986847,0.19591703,0.63298708,-0.02680216,0.00000000,-0.00755353
-2.33655477,0.08266681,0.72760153,-0.16565739,-0.03309387,0.98546051,0.01816637,-0.58738720,0.02317910,0.15607394,1.54254174,-0.04156699,0.06588931,-0.81665725,0.10668894,-0.16205846,0.84750122,-0.39888662,0.00639733,-0.04991319,0.04061856,0.87790394,-0.76548755,0.88508266,-0.33309329,0.15996197,0.11918342,0.10352897,0.04977537,-0.44011363,-0.42038906,0.23681769,0.51998025,-0.03760137,0.00000000,-0.01905740
-2.44465089,0.09024274,0.72967881,-0.16517047,-0.03015149,0.98453586,0.04998741,-0.85290384,0.04593180,0.15057823,1.53609467,-0.10033956,0.07442634,-0.65721065,0.12908028,-0.14297143,0.86748421,-0.45986071,0.01425489,0.06462046,0.05396966,0.88190079,-0.65019459,0.83675826,-0.33107439,0.15433738,0.11006089,0.08710410,0.04658799,-0.68638486,-0.39481875,0.25889504,0.40555555,-0.05019049,-0.00202413,-0.03512388
-2.56045222,0.09909650,0.72815639,-0.17325032,-0.02075148,0.98176182,0.07548137,-1.08606827,0.06965902,0.13472736,1.39158368,-0.15365896,0.07356482,-0.47671372,0.11742707,-0.11288130,0.83659011,-0.45888469,0.01993270,0.17612585,0.04501738,0.83122373,-0.53012711,0.80507153,-0.32828644,0.14104740,0.10071731,0.06948185,0.04116382,-0.88270307,-0.40080151,0.26754609,0.30245706,-0.06336042,-0.00350637,-0.05148758
-2.68509626,0.10740286,0.72304529,-0.18825281,-0.01140124,0.97774968,0.09185015,-1.26338053,0.08457965,0.11465701,1.14672923,-0.19479001,0.06418000,-0.29650217,0.08829188,-0.07660782,0.77398950,-0.39109462,0.02312078,0.26633358,0.02304180,0.74550575,-0.40675098,0.79030085,-0.32799008,0.12578294,0.09117530,0.05164194,0.03289339,-1.00721669,-0.42837316,0.27128509,0.22311661,-0.07547651,-0.00141206,-0.06397705
-2.81710052,0.11648370,0.71149766,-0.20075245,-0.00299454,0.97468577,0.09837243,-1.37605166,0.08582208,0.09403731,0.88745236,-0.22262461,0.05032286,-0.14506739,0.05367111,-0.04552341,0.72559899,-0.26561528,0.02430592,0.33238775,-0.00388579,0.65789533,-0.29234079,0.80006498,-0.32481232,0.11892317,0.08189302,0.03694699,0.02429330,-1.05590606,-0.46290606,0.27702859,0.17481673,-0.08476494,0.00127499,-0.06981044
-2.95284438,0.12487615,0.70514196,-0.20737489,0.00176913,0.97349361,0.09645055,-1.41606855,0.07601414,0.08077612,0.70406795,-0.23916778,0.03731562,-0.04914680,0.03246613,-0.03152661,0.75602371,-0.13600475,0.02319733,0.36206365,-0.03479241,0.61009926,-0.20518151,0.83043915,-0.31652865,0.12310930,0.07325721,0.02486823,0.01706986,-1.03314471,-0.48897922,0.28781602,0.16318028,-0.08957475,0.00313747,-0.06763760
-3.08340693,0.12996386,0.70496511,-0.20822021,0.00420642,0.97432758,0.08551266,-1.36958528,0.05296896,0.08676707,0.64586604,-0.24703276,0.02882901,-0.03316389,0.03510777,-0.04196954,0.89890701,-0.03690319,0.01900138,0.34534815,-0.07008120,0.61561501,-0.15171452,0.87791985,-0.30162847,0.13975896,0.06529385,0.01468165,0.01221526,-0.94399887,-0.49674937,0.30157420,0.19456640,-0.08877678,0.00160450,-0.05744687
-3.21260500,0.13391638,0.70629209,-0.20077404,0.00683469,0.97756931,0.06325600,-1.25093949,0.00921576,0.10977807,0.69641846,-0.25409096,0.02554084,-0.11345968,0.05227750,-0.07719011,1.14347088,0.02186247,0.01138026,0.28334391,-0.10252813,0.66720116,-0.12124909,0.94341266,-0.27642828,0.17246810,0.05772183,0.00755417,0.01089283,-0.80417997,-0.49194720,0.30339289,0.27482310,-0.08232185,-0.00187662,-0.04319543
-3.33995557,0.13323684,0.71283698,-0.18681336,0.00912887,0.98190256,0.02974560,-1.10440564,-0.04090181,0.13478951,0.79987490,-0.27210656,0.02716233,-0.29241082,0.05842382,-0.12244714,1.41679251,0.03992322,0.00050610,0.18325640,-0.12277987,0.75833076,-0.09308767,1.02471709,-0.23909923,0.22438261,0.05018609,0.00537688,0.01347487,-0.63392997,-0.49259341,0.27150998,0.40588352,-0.07153893,-0.00295867,-0.03209024
-3.46726203,0.13020255,0.72244799,0.17277375,-0.00260121,-0.98495190,0.00349512,-0.91919982,-0.07373961,0.14235851,0.88069719,-0.32001093,0.03293913,-0.54262555,0.04668382,-0.15532662,1.60952485,0.01824504,-0.01307707,0.07514185,-0.11793537,0.84100914,-0.03345593,1.11170459,-0.19534709,0.29601333,0.04259110,0.00972018,0.01809556,-0.44563866,-0.51894742,0.19288938,0.57677948,-0.05910757,-0.00013723,-0.03126027
-3.59490991,0.12631579,0.73650318,0.16182235,0.00887322,-0.98637531,0.02825827,-0.71323591,-0.07168822,0.12399878,0.92313528,-0.36710024,0.04359320,-0.81297404,0.02190343,-0.16843289,1.63139725,-0.03288303,-0.02610158,-0.00546464,-0.09333905,0.89417726,0.07469284,1.18093801,-0.15724902,0.38210347,0.03526007,0.02090422,0.02116308,-0.24201044,-0.57442051,0.07717590,0.76686728,-0.04828139,0.00134917,-0.04312865
-3.72835755,0.12467925,0.74525398,0.15691259,0.02443546,-0.98661164,0.03713230,-0.50428897,-0.04563591,0.08879157,0.94289452,-0.33699629,0.05644767,-1.04229486,-0.00035244,-0.16752368,1.48703432,-0.09477911,-0.03516556,-0.04319805,-0.04646710,0.91046083,0.22855625,1.20932317,-0.13555238,0.47091413,0.02882301,0.03750092,0.01982165,-0.01783265,-0.63803023,-0.04833025,0.95483518,-0.04128293,0.00975800,-0.06418678
-3.86645532,0.12416595,0.74541795,0.15243930,0.03292281,-0.98708617,0.03659565,-0.33446059,-0.01370281,0.05535976,0.96286523,-0.23718442,0.07058623,-1.19648409,-0.01468719,-0.15988901,1.22968376,-0.15060934,-0.03763155,-0.05922638,0.00410118,0.90313250,0.39111918,1.19228590,-0.12903377,0.54248714,0.02416741,0.05476671,0.01565045,0.20848121,-0.68716824,-0.15871376,1.11642826,-0.03832736,0.02397299,-0.08891889
-4.00814104,0.12250762,0.73970443,0.14667581,0.02828640,-0.98825932,0.03208751,-0.22407991,-0.02430568,0.03890134,1.04732561,-0.13061029,0.08190054,-1.26535285,-0.02337750,-0.14522690,0.92659414,-0.19203748,-0.03349261,-0.06666797,0.03417541,0.89827627,0.51244164,1.13674402,-0.13411304,0.57757390,0.02232722,0.06770340,0.01134429,0.39038709,-0.70032948,-0.23269658,1.22512305,-0.03798917,0.03947462,-0.10774782
-4.15426493,0.12283401,0.73727083,0.13640432,0.01278102,-0.99022974,0.02599186,-0.18350528,-0.05963271,0.04659363,1.22116292,-0.04696710,0.09272491,-1.26043844,-0.02668339,-0.12381736,0.66951269,-0.21931040,-0.02510603,-0.06414115,0.03640060,0.90767640,0.54756033,1.05440438,-0.15173106,0.55930018,0.02423092,0.07058697,0.00771974,0.47000697,-0.67451018,-0.25714988,1.25672901,-0.03862868,0.04800911,-0.11165395
-4.29577827,0.12238993,0.73416793,0.12047000,-0.00462657,-0.99259882,0.01459958,-0.23242669,-0.09632923,0.07658716,1.45800281,0.00403473,0.10297686,-1.20577514,-0.01841328,-0.10350405,0.52223533,-0.23569284,-0.01533123,-0.04210855,0.02147418,0.94178355,0.47957397,0.96102965,-0.18270917,0.49163803,0.03052270,0.06547813,0.00499599,0.42213055,-0.62979287,-0.22917490,1.20730948,-0.03963261,0.04704216,-0.10034707
-4.43042326,0.12456198,0.72903562,0.10136479,-0.01760960,-0.99469306,0.00089457,-0.37738901,-0.10942777,0.11758904,1.68679285,0.02634689,0.11147423,-1.11682689,0.00422113,-0.08637287,0.50886691,-0.24136402,-0.00655923,-0.00477373,0.00160935,0.99781799,0.31447655,0.86449540,-0.22861244,0.39187342,0.04128855,0.05774809,0.00224093,0.25526386,-0.57693535,-0.15186225,1.09287596,-0.04190167,0.04035325,-0.07908361
-4.55710411,0.12878709,0.71808153,-0.08074529,0.02291644,0.99639460,0.01236270,-0.60114866,-0.08729618,0.14761646,1.81045091,0.02524356,0.11713941,-1.02950740,0.04421885,-0.07294363,0.61599112,-0.24683216,0.00046730,0.03611347,-0.01322666,1.07645094,0.05913566,0.78102660,-0.27942735,0.27922800,0.05622526,0.05091610,0.00193967,-0.01128691,-0.53554827,-0.03956027,0.93676013,-0.04789968,0.03238340,-0.05883465
-4.67227316,0.13194034,0.70468146,-0.06390397,0.01919400,0.99720341,0.03366339,-0.85782719,-0.04554503,0.14455669,1.76096463,0.01478355,0.11936400,-0.96948230,0.09508330,-0.06403675,0.81132984,-0.27940261,0.00632088,0.07849120,-0.01947450,1.15937746,-0.28538457,0.73562539,-0.31188866,0.16943626,0.07457345,0.04559188,0.01042374,-0.36758462,-0.53682375,0.07926964,0.76013368,-0.06022741,0.02428630,-0.05262966
-4.78431559,0.12901932,0.68974537,-0.06308531,0.01202416,0.99583481,0.06472013,-1.08383715,-0.00311915,0.09807590,1.53277946,0.00831935,0.11700661,-0.93660420,0.14597835,-0.05837023,1.04479349,-0.35508019,0.01232158,0.12064895,-0.01841267,1.21073234,-0.68975860,0.74121916,-0.31360906,0.08156507,0.09475035,0.04438161,0.02988221,-0.78003275,-0.58087140,0.17938584,0.59455228,-0.07923172,0.02134344,-0.06483631
-4.91218519,0.12285458,0.67328727,-0.08741956,0.00798064,0.99136970,0.09736652,-1.24582326,0.02126907,0.02259601,1.20248604,0.01110433,0.10847006,-0.87852561,0.17425488,-0.04125103,1.22181022,-0.47679135,0.01959669,0.16381370,-0.01977744,1.19786000,-1.08557546,0.78693080,-0.30029935,0.03079018,0.11452787,0.04906382,0.05380615,-1.17833757,-0.64232183,0.25559574,0.47279593,-0.10241263,0.02980189,-0.08911787
-5.05912876,0.11609822,0.66513878,-0.13034782,0.01024097,0.98299220,0.12896083,-1.34905708,0.02325483,-0.06253079,0.90113413,0.01683657,0.09416025,-0.75488842,0.13907067,-0.01062251,1.29916561,-0.53757817,0.03119367,0.20921524,-0.03325768,1.13267183,-1.41484201,0.85285366,-0.29165664,0.02179394,0.13196060,0.05925705,0.07512378,-1.50988698,-0.69994122,0.31334096,0.40748823,-0.12566979,0.04904212,-0.11664919
-5.21592283,0.11180253,0.66786814,-0.18099528,0.02198583,0.97175411,0.14983753,-1.39682972,0.00509384,-0.12595773,0.73523015,0.01764878,0.07476472,-0.58937824,0.04958822,0.02796819,1.23788571,-0.51652300,0.04875020,0.24266802,-0.06020405,1.03941548,-1.65077019,0.92308980,-0.29414728,0.05223029,0.14556222,0.07527963,0.09060490,-1.75258148,-0.74578255,0.35744509,0.39244443,-0.14519319,0.07467374,-0.14065084
-5.37358904,0.10667820,0.67046183,-0.23028172,0.03608155,0.95800669,0.16700788,-1.38645363,-0.02892331,-0.15427601,0.72074509,0.01347450,0.05122940,-0.42464945,-0.07066887,0.04803265,1.06400466,-0.41939530,0.07329421,0.26315066,-0.09162250,0.93611127,-1.78087986,0.99132812,-0.30464196,0.11102439,0.15434156,0.09642649,0.09944830,-1.90116322,-0.77824974,0.38994926,0.40559945,-0.15914358,0.09956231,-0.15741545
-5.51729012,0.09942476,0.68393606,-0.27411453,0.04581219,0.94426416,0.17643032,-1.35418475,-0.06978744,-0.14843071,0.78493381,0.00167968,0.02543388,-0.30612081,-0.16992961,0.03990012,0.84252715,-0.27244288,0.10379869,0.26144794,-0.11494160,0.86279660,-1.80591619,1.05282128,-0.31890783,0.17738318,0.15812622,0.11858529,0.10124312,-1.95737863,-0.80059659,0.41148230,0.41965976,-0.16788451,0.11662316,-0.16587955
-5.65209675,0.09544864,0.71942157,-0.32076827,0.03174419,0.92836933,0.18501462,-1.25565302,-0.09053187,-0.13514343,0.77496308,-0.00930272,-0.00037026,-0.23477012,-0.20240118,-0.00543351,0.70000589,-0.14664665,0.13931349,0.25403067,-0.11157701,0.81955594,-1.73387611,1.11036575,-0.33220401,0.22291048,0.15821357,0.13366464,0.09739283,-1.90971005,-0.81545198,0.42789564,0.41970152,-0.17222872,0.12391207,-0.16497219
-5.78378868,0.09592888,0.77165121,-0.37095760,0.00025958,0.91007859,0.18479002,-1.10868514,-0.05637398,-0.13611183,0.65447408,0.05355861,-0.02191623,-0.19376083,-0.16622910,-0.07697989,0.67814142,-0.05588315,0.17621490,0.24959715,-0.08830624,0.81148952,-1.58050156,1.15695643,-0.34973168,0.23934275,0.15560898,0.14081854,0.08639074,-1.76303959,-0.81894225,0.44848207,0.40546998,-0.17288689,0.12409353,-0.15352273
-5.90632391,0.09574793,0.83165938,-0.41252832,-0.04036993,0.89310349,0.17480508,-0.96106172,0.00000000,-0.14063039,0.46686360,0.18558672,-0.04175733,-0.16520509,-0.09908273,-0.14599916,0.76632422,0.00541381,0.20831670,0.23932953,-0.05419675,0.80627894,-1.38998055,1.18240583,-0.37426206,0.22098438,0.15182874,0.13760862,0.06910102,-1.56265473,-0.81178880,0.47205299,0.38030967,-0.17163333,0.12044277,-0.13531259
-6.02373362,0.09897952,0.89984626,-0.45142922,-0.06679022,0.87731479,0.14855803,-0.84635788,0.02928088,-0.13081701,0.29639274,0.32113567,-0.06313881,-0.16104825,-0.03340916,-0.19434366,0.89895892,0.04833660,0.23005132,0.21473446,-0.02591306,0.80932754,-1.21728349,1.18287992,-0.40578017,0.17602398,0.14758107,0.12582527,0.04726239,-1.37125301,-0.79744536,0.49950284,0.35293522,-0.17014959,0.11791028,-0.11260271
-6.15137291,0.10543302,0.96452361,-0.49044449,-0.07651269,0.86053301,0.11442440,-0.74322659,0.02265784,-0.10664710,0.18903835,0.43867972,-0.08410404,-0.17330174,0.01861230,-0.21918824,1.02948451,0.07943504,0.23997778,0.18188271,-0.00895171,0.80882639,-1.09923303,1.17946637,-0.42786935,0.12014940,0.14359762,0.11045229,0.02875187,-1.21672189,-0.78430516,0.52679878,0.32275879,-0.17002775,0.11652578,-0.09051275
-6.27249956,0.10535926,1.01942682,-0.52601768,-0.08037907,0.84244507,0.08444466,-0.64967507,0.00594158,-0.07592396,0.12904498,0.52056050,-0.10126862,-0.18893225,0.04245904,-0.22546354,1.13639379,0.10241069,0.24000651,0.13562565,0.01261774,0.77603161,-1.06828952,1.19893289,-0.42127898,0.07957172,0.14053722,0.10122762,0.02192424,-1.13236749,-0.78671956,0.54251391,0.28578430,-0.17252573,0.11403342,-0.07578947
-6.39313221,0.09920190,1.06088495,-0.56526523,-0.08661449,0.81779951,0.06463053,-0.57206833,-0.00386573,-0.04146549,0.08407071,0.55778283,-0.11277624,-0.19412036,0.03761254,-0.22564633,1.19403839,0.11974346,0.23323666,0.08809150,0.04539474,0.70520359,-1.12636328,1.23358166,-0.39274886,0.06062182,0.13883525,0.09710764,0.02727869,-1.14688039,-0.79544276,0.54431278,0.23958543,-0.17764263,0.10609778,-0.07161807
-6.51662016,0.09217341,1.08300960,-0.61009769,-0.09494502,0.78481158,0.05326379,-0.50370634,-0.00611379,-0.00336810,0.04083444,0.55240011,-0.11847838,-0.17597336,0.01373179,-0.22637632,1.18486071,0.13408847,0.22209714,0.05739689,0.08468267,0.59508473,-1.24585640,1.27172732,-0.35614771,0.07518852,0.13879566,0.10165448,0.04150089,-1.26133633,-0.80660087,0.53024632,0.20107304,-0.18409899,0.09685612,-0.07968594
-6.63900328,0.08827493,1.08653677,-0.65612122,-0.10272688,0.74606869,0.04830785,-0.44066951,-0.00633767,0.03745809,0.00328031,0.51254010,-0.11904605,-0.13296400,-0.01616910,-0.22897460,1.11046100,0.14670451,0.20816797,0.05355079,0.11866510,0.46557105,-1.38730931,1.30316901,-0.32663906,0.12190069,0.14044774,0.11483876,0.05920284,-1.43556368,-0.81670499,0.50973362,0.19777474,-0.18941779,0.09554916,-0.09589100
-6.75745058,0.08849010,1.07955956,-0.69753591,-0.10934425,0.70645610,0.04906381,-0.38719934,-0.00811011,0.07784986,-0.01411991,0.44762284,-0.11544641,-0.07727730,-0.04129865,-0.23008524,0.98974305,0.15587232,0.19183066,0.07187037,0.13507439,0.34281293,-1.52144182,1.31740487,-0.31292030,0.17461394,0.14392787,0.12734969,0.07614014,-1.62136900,-0.81993520,0.49336481,0.23877254,-0.19140765,0.10465755,-0.11451310
-6.87218475,0.09213614,1.07096386,-0.73129267,-0.11529630,0.67012878,0.05334052,-0.34984130,-0.01152779,0.11299944,0.00848547,0.36708012,-0.10900997,-0.02773108,-0.05563636,-0.22468151,0.85759121,0.15710001,0.17249522,0.09796813,0.12827221,0.24796487,-1.62787628,1.31360686,-0.31371820,0.20951742,0.14912827,0.13249673,0.08982132,-1.78103054,-0.81563467,0.48415402,0.30673122,-0.18920003,0.11757246,-0.13161997
-6.98496056,0.09671427,1.06498420,-0.75720167,-0.12148739,0.63911206,0.05849985,-0.33574802,-0.01533163,0.13784227,0.08795301,0.27930212,-0.10176708,-0.00214361,-0.06067353,-0.20808929,0.75355202,0.14445715,0.14906321,0.11407349,0.10245939,0.19812448,-1.68703020,1.30093789,-0.32411805,0.22211102,0.15480764,0.13189994,0.09770270,-1.89180672,-0.81270337,0.47688311,0.37553319,-0.18337384,0.12660851,-0.14545646
-7.09668636,0.09972688,1.06146359,-0.77633883,-0.12833540,0.61387825,0.06309945,-0.35203403,-0.02084162,0.14955491,0.23441653,0.19062279,-0.09662572,-0.01196214,-0.06007881,-0.17968403,0.70862442,0.11351246,0.12060171,0.11122973,0.06592073,0.20626442,-1.68864357,1.29297352,-0.33673409,0.21357866,0.15887633,0.12738118,0.09839587,-1.94174671,-0.81962889,0.46842167,0.42784840,-0.17514943,0.12869138,-0.15385883
-7.21055555,0.10145276,1.06453478,-0.78890512,-0.13095882,0.59713370,0.06252871,-0.40922204,-0.02616045,0.15061465,0.44826058,0.10453757,-0.09653594,-0.06602148,-0.04901478,-0.14654252,0.74322343,0.06418633,0.08734649,0.09590868,0.01768524,0.28406250,-1.62986374,1.30066669,-0.34416461,0.18320394,0.15864673,0.11719736,0.09183779,-1.92833769,-0.83671570,0.45982328,0.46005708,-0.16578972,0.12562740,-0.15508714
-7.32661057,0.10171735,1.08254039,-0.79295074,-0.12233618,0.59446760,0.05358405,-0.52196568,-0.02989571,0.15367834,0.71756911,0.02342474,-0.10384858,-0.16674745,-0.02802747,-0.11505447,0.86531723,0.00139757,0.05020806,0.07405012,-0.02572913,0.42746356,-1.52082622,1.33635533,-0.33369085,0.13708000,0.15083559,0.10162801,0.07989743,-1.86330676,-0.85214674,0.45629558,0.46955597,-0.15690564,0.11694027,-0.14917612
-7.44600916,0.10588740,1.10217357,-0.78954284,-0.10365469,0.60358378,0.03955280,-0.67818135,-0.02781962,0.17163612,1.01977837,-0.04998668,-0.11933410,-0.30569378,-0.00747016,-0.08836478,1.05725455,-0.06829281,0.01044104,0.03439941,-0.05378858,0.60445625,-1.37300169,1.40755260,-0.29824296,0.09064253,0.13209958,0.08489673,0.06251417,-1.79154813,-0.84580129,0.46247500,0.44687355,-0.15013954,0.09603720,-0.13765559
-7.56814432,0.10522921,1.11269510,-0.77807128,-0.08376098,0.62229612,0.01834998,-0.86497748,-0.02092595,0.21650261,1.31865823,-0.11393180,-0.14238192,-0.47505480,0.00000000,-0.06430058,1.28911531,-0.14193967,-0.03062847,-0.01854256,-0.07466716,0.80516756,-1.18116832,1.52823043,-0.23394199,0.04332057,0.10165720,0.06446073,0.04129666,-1.73383570,-0.82765406,0.46983159,0.41388980,-0.14419530,0.07077692,-0.12349876
-7.68112803,0.10027045,1.12419915,0.75382103,0.07310850,-0.65292842,0.00966843,-1.06964636,-0.00513762,0.29189470,1.58332562,-0.16214164,-0.17009835,-0.66862720,-0.00585864,-0.04449195,1.54273081,-0.21697442,-0.07084483,-0.05990991,-0.09907465,1.03132939,-0.93893230,1.71642840,-0.12932605,0.00380736,0.06166651,0.04443644,0.02267724,-1.68678153,-0.81923002,0.46582341,0.38114485,-0.13727143,0.04319810,-0.11032178
-7.78036642,0.09489658,1.14018500,0.70982717,0.07331592,-0.69921232,0.04327008,-1.28170121,0.02453367,0.39815632,1.76547551,-0.18936421,-0.19780122,-0.87235963,-0.02054301,-0.02719285,1.80012810,-0.28705695,-0.10748429,-0.06345026,-0.10393657,1.27429020,-0.64408016,1.94577181,-0.00167799,-0.00803094,0.01801302,0.03444384,0.00815740,-1.62082326,-0.83352876,0.44349882,0.35470262,-0.12734598,0.01299691,-0.09937584
-7.85837841,0.09417758,1.15319920,0.63709257,0.08093614,-0.76249899,0.07847102,-1.46926093,0.06683681,0.51066375,1.80513573,-0.19253968,-0.21815626,-1.06229913,-0.03361889,-0.01613933,2.04058027,-0.34406328,-0.13719612,-0.03976737,-0.06150476,1.48318779,-0.32658771,2.14738894,0.10984602,0.00732521,-0.01988255,0.03558903,-0.00378377,-1.49728870,-0.87076032,0.40630168,0.35401985,-0.11300885,-0.01265800,-0.08888193
-7.91900587,0.10224076,1.14892161,0.53904877,0.08956939,-0.83047010,0.10827356,-1.57240367,0.10934744,0.57605767,1.66493189,-0.17007262,-0.22201803,-1.22197974,-0.03066193,-0.02600490,2.22144866,-0.38507369,-0.15664645,-0.02299858,0.00694579,1.61055636,-0.01783148,2.24887085,0.16609891,0.01810527,-0.04277810,0.03527278,-0.01506177,-1.29928768,-0.90326077,0.37028027,0.39419693,-0.09539820,-0.02624205,-0.07554097
-7.98267794,0.11752315,1.12129092,0.43325522,0.09796077,-0.88725759,0.12436868,-1.53483975,0.13196135,0.56063193,1.36601985,-0.12450962,-0.20435260,-1.33890951,-0.00619875,-0.07010651,2.29087830,-0.41134742,-0.16367735,-0.00690951,0.05635450,1.65660524,0.28065154,2.20685220,0.13622299,-0.01364294,-0.04566276,0.01818085,-0.02991446,-1.03522897,-0.89533800,0.35370269,0.47270647,-0.07748216,-0.02534340,-0.05666134
-8.05567169,0.12980925,1.06929064,0.33084407,0.10654981,-0.92979805,0.12109881,-1.36839843,0.14118983,0.47380373,1.01240289,-0.07423161,-0.16846189,-1.39253604,0.02511553,-0.13412219,2.22855210,-0.42167479,-0.15918463,0.02312359,0.07174069,1.61255765,0.55014497,2.01845074,0.01526080,-0.07707898,-0.02840198,-0.00821659,-0.05035196,-0.74309558,-0.84137613,0.35892460,0.56834447,-0.06206827,-0.01404545,-0.03428276
-8.13602161,0.13234878,0.99287999,0.23775247,0.11246049,-0.95837655,0.11108907,-1.12776005,0.16973035,0.35007793,0.73793113,-0.05126548,-0.12341459,-1.39222133,0.03836601,-0.18681869,2.03863049,-0.41675830,-0.14649090,0.04769545,0.05531472,1.48420751,0.75531995,1.73119235,-0.16822320,-0.13496630,0.00481677,-0.02640890,-0.07350353,-0.47434038,-0.76768196,0.37448037,0.65411693,-0.05068461,0.00009329,-0.01412295
-8.23058128,0.13476676,0.90368551,0.16236717,0.10907979,-0.97620474,0.09360983,-0.88316238,0.20072277,0.24703050,0.60799563,-0.07858208,-0.07986244,-1.35923541,0.01889271,-0.20799744,1.72257674,-0.40107656,-0.12890433,0.03900597,0.02398608,1.33546066,0.89385748,1.42216218,-0.37093309,-0.16105855,0.04718944,-0.02679976,-0.09528284,-0.27387777,-0.71584868,0.38120317,0.71502954,-0.04352516,0.01304576,-0.00389284
-8.33592796,0.13180494,0.82048804,0.11006954,0.09267867,-0.98612169,0.08282130,-0.66075224,0.19772956,0.18443204,0.63727045,-0.15616813,-0.04281861,-1.30476522,-0.03117415,-0.19776438,1.31382859,-0.37535539,-0.10897169,0.01327218,-0.02310196,1.21278095,0.96554768,1.16308510,-0.53610885,-0.15993652,0.08898497,-0.01456673,-0.10617328,-0.16465379,-0.69497967,0.37585017,0.74530214,-0.04017451,0.02246278,-0.00399744
-8.44842911,0.12929139,0.77151132,0.07827480,0.05842472,-0.99107341,0.09073643,-0.49482667,0.15899429,0.16162057,0.80046183,-0.26159328,-0.01380434,-1.22752202,-0.07954846,-0.17438962,0.93230611,-0.33634835,-0.08882819,-0.02040284,-0.07234129,1.12826693,0.94623387,0.98701006,-0.61860371,-0.14852349,0.12341934,0.00114179,-0.09695240,-0.14960194,-0.68505102,0.36913085,0.74406338,-0.03983888,0.02703045,-0.00765055
-8.56942654,0.12762938,0.73860824,0.05490397,0.02944750,-0.99360509,0.09416646,-0.37181890,0.13455348,0.15080479,1.03303719,-0.28730169,0.01284718,-1.14234900,-0.08119441,-0.16112046,0.71722394,-0.28569889,-0.07037217,-0.04168917,-0.08545966,1.04669821,0.87820297,0.87655723,-0.64129168,-0.13338807,0.14799640,0.02051419,-0.07746417,-0.19897993,-0.69777411,0.35941413,0.72299731,-0.04188055,0.03283178,-0.01325117
-8.69394207,0.11958184,0.70558995,0.04203339,0.00960869,-0.99563413,0.08278620,-0.29540986,0.13080359,0.12846291,1.25669086,-0.23552483,0.03814388,-1.04420578,-0.03828789,-0.15611875,0.68286234,-0.22777076,-0.05701680,-0.02901669,-0.05832579,0.95454288,0.80118930,0.81748331,-0.63077343,-0.11463635,0.16298354,0.03647745,-0.05637910,-0.29952475,-0.74088919,0.34036350,0.67837936,-0.04626972,0.03977676,-0.02237222
-8.81019211,0.11549277,0.67618680,0.03414840,0.00705111,-0.99751391,0.06123862,-0.26952958,0.12162293,0.08800417,1.42342567,-0.14018367,0.05900179,-0.98123056,0.03382009,-0.15794274,0.77140033,-0.18491444,-0.04978573,0.01886519,-0.00318484,0.88187492,0.72366023,0.79529536,-0.60406715,-0.09423364,0.16988373,0.04843177,-0.03768277,-0.44544101,-0.79558676,0.31403229,0.59798121,-0.05317913,0.04363975,-0.03342272
-8.91388226,0.11224651,0.67959845,0.02976542,0.01168209,-0.99913074,0.02674518,-0.33717835,0.10586960,0.03576985,1.54597878,-0.05861417,0.07576554,-0.92315537,0.10803511,-0.15601560,0.92400581,-0.18043683,-0.04921997,0.09928515,0.05004716,0.85884577,0.62409878,0.78749520,-0.56676930,-0.07859662,0.17064913,0.05439383,-0.02087278,-0.61628246,-0.83237880,0.28957495,0.47829765,-0.06243981,0.04296046,-0.04202408
-9.01652431,0.10718136,0.69397616,-0.02959361,-0.01062721,0.99949959,0.00344266,-0.47053903,0.07599305,0.00645720,1.61892569,-0.01544433,0.08481815,-0.81430799,0.15452407,-0.13408408,1.02479613,-0.23513076,-0.05287903,0.16740841,0.07663385,0.83431304,0.53888720,0.77765912,-0.53667200,-0.06357737,0.16625579,0.05534014,-0.01018396,-0.74837101,-0.84940201,0.27320272,0.33392149,-0.07335263,0.04264279,-0.04557067
-9.11539745,0.10222555,0.71432114,-0.02877142,-0.00717986,0.99935270,0.02036736,-0.62764311,0.04383278,0.01751538,1.58288622,-0.01102089,0.08211453,-0.67515820,0.16350067,-0.11442421,1.08230889,-0.26962045,-0.05473347,0.19837616,0.09490584,0.79450071,0.48660007,0.76301831,-0.51429522,-0.04435754,0.15726607,0.05363175,-0.00521379,-0.81281102,-0.84312958,0.27171916,0.17340617,-0.08487352,0.04168469,-0.04187793
-9.21847248,0.09307545,0.73507476,-0.02931628,-0.00450742,0.99931902,0.02194841,-0.75806254,0.01523401,0.05184936,1.43687475,-0.02946426,0.06971705,-0.51982200,0.14701436,-0.09330522,1.09579515,-0.24612492,-0.05330521,0.19149753,0.10609932,0.73232347,0.47061151,0.73996210,-0.49878919,-0.02174348,0.14410372,0.04936036,-0.00557028,-0.80076498,-0.82350165,0.28208169,0.01035548,-0.09564450,0.03971799,-0.03225209
-9.32541847,0.08250624,0.75410420,-0.03092857,-0.00582790,0.99939806,0.01459394,-0.83814132,-0.00871663,0.09246576,1.19737840,-0.05605298,0.05148768,-0.37332529,0.12861456,-0.07951448,1.07617831,-0.16746145,-0.04717231,0.16160029,0.11528470,0.65426916,0.48214415,0.70944136,-0.48649764,-0.00116818,0.12757045,0.04112495,-0.01009728,-0.72024888,-0.79613900,0.30304307,-0.14147142,-0.10430653,0.03553734,-0.01763464
-9.43552399,0.07393912,0.76727831,-0.03361947,-0.01324636,0.99932559,0.00652911,-0.87002593,-0.01798428,0.12456853,0.90410411,-0.08159440,0.03251287,-0.24308947,0.11939141,-0.07459999,1.04394114,-0.06897093,-0.03864893,0.13065319,0.12167224,0.56991768,0.50821346,0.67787153,-0.47059739,0.01508217,0.10891610,0.02960314,-0.01653406,-0.58786386,-0.76769751,0.33146286,-0.26632163,-0.10976971,0.02944240,0.00000000
-9.54771805,0.06808189,0.77786177,-0.03554999,-0.02641481,0.99900321,0.00557102,-0.86453533,-0.00744244,0.14295919,0.61997610,-0.10144176,0.01766203,-0.13633351,0.12181339,-0.07962874,1.02597117,0.00473048,-0.03055765,0.11344375,0.12396171,0.49748036,0.53351396,0.64832968,-0.44725522,0.02712735,0.08969105,0.01661229,-0.02296102,-0.42049217,-0.74488473,0.36196440,-0.34731919,-0.11132679,0.02401772,0.01599139
-9.65972042,0.06369784,0.78422153,-0.03384702,-0.04026037,0.99855556,0.01096707,-0.83008301,0.02088738,0.15288714,0.40816090,-0.11180555,0.01025073,-0.06277908,0.12000390,-0.08944459,1.03126001,0.04312275,-0.02565446,0.11063582,0.11899359,0.44495836,0.54397756,0.62337786,-0.41623408,0.03508405,0.07146958,0.00444619,-0.02795248,-0.23573403,-0.73080903,0.38581279,-0.37538040,-0.10867313,0.02051515,0.02916740
-9.76992416,0.05886762,0.78384751,-0.02700209,-0.05298090,0.99799046,0.02188492,-0.77374357,0.05272288,0.16103278,0.29893279,-0.10862712,0.01195025,-0.02146924,0.10619217,-0.10175596,1.07481766,0.05104978,-0.02456111,0.11583892,0.10641640,0.41052842,0.53153020,0.60773402,-0.37907329,0.04079294,0.05559417,-0.00287162,-0.03033588,-0.04588639,-0.72124767,0.39801207,-0.34873334,-0.10182961,0.01927627,0.03798008
-9.87810040,0.06047348,0.77511656,-0.01616031,-0.05507172,0.99771265,0.03571311,-0.70224261,0.07871024,0.16678526,0.29704446,-0.09329725,0.02311863,-0.01754078,0.08207290,-0.11516585,1.15919638,0.03920224,-0.02597383,0.11953475,0.08824136,0.39412171,0.49279663,0.61122131,-0.33341047,0.04879441,0.04301417,-0.00302216,-0.02780041,0.14179608,-0.70946342,0.39731923,-0.27163780,-0.09121622,0.02062781,0.04265183
-9.98682690,0.06249477,0.75759691,-0.00195600,-0.05157214,0.99752876,0.04767458,-0.62888783,0.07338209,0.17493473,0.38649204,-0.07325796,0.04057158,-0.04886497,0.05567948,-0.12493847,1.27117372,0.01838657,-0.02794165,0.11475373,0.05944475,0.39624131,0.42752662,0.63069600,-0.28449893,0.05750912,0.03410619,0.00516296,-0.02082508,0.31387821,-0.69263184,0.37597466,-0.15594688,-0.07775241,0.02431837,0.04182368
-10.08423138,0.06372238,0.74963045,0.01018746,-0.03719705,0.99819170,0.04610774,-0.56031895,0.04338285,0.18629326,0.53157318,-0.07186376,0.06169268,-0.13850571,0.03589591,-0.12931471,1.35689282,-0.00689880,-0.02822220,0.09733841,0.02077845,0.42828733,0.32921910,0.65746474,-0.23750982,0.05114808,0.02856823,0.01690853,-0.01059629,0.45605528,-0.66974211,0.33405986,-0.02364742,-0.06271441,0.02652829,0.03693105
-10.17397404,0.06488323,0.75621051,0.01947713,-0.02632165,0.99856937,0.04227328,-0.47597906,0.00916286,0.18233672,0.65790290,-0.11756705,0.08441200,-0.26719585,0.03644826,-0.13810863,1.37023079,-0.03394384,-0.02423033,0.08383611,-0.00533735,0.45414844,0.22845425,0.68432385,-0.19986536,0.00614819,0.02556973,0.01916768,0.00000000,0.57178116,-0.64596397,0.27740264,0.09446630,-0.04751225,0.01878805,0.03072059
-10.26287174,0.06588931,0.77222610,0.02707917,-0.02085412,0.99864959,0.03912562,-0.38491169,-0.00406551,0.17931245,0.77707922,-0.11207426,0.10640766,-0.38838962,0.05344859,-0.14951897,1.28310943,-0.05872263,-0.01531541,0.08722857,-0.01652702,0.45629814,0.15241753,0.71088928,-0.17264287,-0.07807270,0.02409832,0.00843442,0.00000000,0.68070656,-0.62531906,0.21837512,0.18510026,-0.03369221,0.00000000,0.02709612
-10.35398483,0.06583704,0.78766459,0.03359371,-0.01563275,0.99860893,0.03751385,-0.31187949,-0.00555878,0.17764251,0.88418657,-0.05441788,0.12550302,-0.47207555,0.07028818,-0.15156546,1.10673022,-0.07918564,-0.00390054,0.10139812,-0.01938972,0.44254240,0.10773653,0.74085838,-0.15086052,-0.18215308,0.02311501,-0.01128009,0.00000000,0.79046351,-0.61073917,0.16220778,0.25333464,-0.02252297,-0.01386671,0.02626854
-10.44713306,0.06514899,0.79503220,0.03970928,-0.00861490,0.99853540,0.03572137,-0.25588065,-0.01298276,0.17891869,0.99064964,0.02825586,0.13941987,-0.51609892,0.07785642,-0.14215019,0.88278085,-0.09620517,0.00547545,0.11803067,-0.02173222,0.42379475,0.09650546,0.77104247,-0.13122132,-0.27481979,0.02185842,-0.03169318,0.00000000,0.88832909,-0.59886163,0.11043433,0.30940643,-0.01455562,-0.02689721,0.02617991
-10.54076672,0.06478591,0.79646134,0.04808977,0.00391543,0.99823297,0.03468402,-0.22094291,-0.02046311,0.17853573,1.10351264,0.08770472,0.15154776,-0.53188777,0.07429269,-0.12250347,0.66475415,-0.11219023,0.01212506,0.13442533,-0.03290841,0.41484502,0.12165538,0.79053056,-0.11627252,-0.32540354,0.02005579,-0.04391616,0.00000000,0.94773483,-0.58420843,0.06553223,0.35762122,-0.00954681,-0.03706969,0.02493957
-10.63278389,0.06548756,0.79086089,0.05971842,0.01631296,0.99747801,0.03471617,-0.20969799,-0.01801156,0.17579864,1.20301032,0.11382646,0.16189599,-0.53007293,0.07060434,-0.09864312,0.51092499,-0.12760629,0.01413520,0.14732306,-0.04574392,0.41750315,0.17777433,0.79212302,-0.10605328,-0.32260919,0.01781385,-0.04577973,0.00000000,0.95354509,-0.57000214,0.02895129,0.40101990,-0.00677953,-0.04244437,0.02109009
-10.72441387,0.06567741,0.77791780,0.07433123,0.02442813,0.99628586,0.03595305,-0.22048087,-0.00499816,0.17628987,1.27988422,0.10913692,0.16896091,-0.50609142,0.06979947,-0.07522491,0.46037084,-0.13743515,0.00921636,0.15339109,-0.05212364,0.42467716,0.25534213,0.77301997,-0.10130334,-0.27147952,0.01546525,-0.03906266,0.00000000,0.90790349,-0.56177515,0.00253620,0.44100782,-0.00545598,-0.04023367,0.01443019
-10.81793880,0.06523704,0.75783616,0.09053988,0.02664202,0.99480903,0.03804902,-0.24766055,0.01895943,0.17948753,1.32733500,0.08172532,0.17134710,-0.45750743,0.07915793,-0.06048635,0.52270788,-0.14293380,-0.00244567,0.14837526,-0.05066151,0.43102747,0.34292403,0.73601818,-0.10434132,-0.18507721,0.01339182,-0.02557092,0.00000000,0.82126236,-0.55998850,-0.01012266,0.46990913,-0.00499712,-0.03061230,0.00641611
-10.90495014,0.06509425,0.74043494,0.10656423,0.01948321,0.99319359,0.04278979,-0.29844806,0.05570575,0.17561238,1.31607318,0.03908416,0.16898496,-0.40211260,0.10357865,-0.05627342,0.66451442,-0.16392617,-0.01854945,0.13076219,-0.03950890,0.44401452,0.42661905,0.68667722,-0.11885567,-0.08315530,0.01183194,-0.00840928,-0.00461157,0.69847834,-0.55637640,-0.00251914,0.46570042,-0.00520295,-0.02068472,0.00000000
-10.98504829,0.06326003,0.73527431,0.11454570,0.01240283,0.99229353,0.04559609,-0.37222135,0.08441624,0.17203106,1.23524952,-0.01603157,0.16121824,-0.33524698,0.12870073,-0.04567237,0.79652369,-0.22742791,-0.03653583,0.10247487,-0.02781721,0.45471159,0.49817455,0.63643414,-0.14052299,0.00175593,0.01073463,0.00244388,-0.01195555,0.57030863,-0.54461974,0.02707945,0.40995339,-0.00612979,-0.01767582,0.00430593
-11.06330776,0.05956593,0.73889029,0.11362074,0.00286442,0.99255797,0.04371279,-0.43337634,0.10018334,0.18255974,1.04751074,-0.04622443,0.14408152,-0.26450616,0.14143898,-0.04273800,0.89735734,-0.27644461,-0.05319813,0.06890294,-0.00941851,0.44035035,0.56884176,0.59426177,-0.16319445,0.04543059,0.00988687,0.00000000,-0.02038762,0.47478464,-0.53383219,0.06930874,0.30239141,-0.00782828,-0.02333434,0.00976807
-11.14276695,0.05236066,0.74527454,0.10790133,-0.00659704,0.99320684,0.04305764,-0.47259098,0.10135803,0.19555210,0.80423963,-0.04137463,0.11952569,-0.19702393,0.14456932,-0.04290364,0.98038185,-0.26609111,-0.06560161,0.04418441,0.01211640,0.41005957,0.65265900,0.56007379,-0.18659163,0.05716667,0.00909962,-0.01449578,-0.03003373,0.42138949,-0.53418475,0.11254795,0.15946649,-0.01018637,-0.03528818,0.01443363
-11.22309017,0.04680828,0.75337803,0.10295783,-0.01311910,0.99353146,0.04607395,-0.49401629,0.08761065,0.20214586,0.57633489,-0.04599958,0.09232004,-0.15045817,0.13310918,-0.04574635,1.05728018,-0.19850832,-0.07248459,0.03833553,0.02820689,0.38397068,0.73365235,0.53700715,-0.20010854,0.05842736,0.00826927,-0.02727354,-0.03707261,0.39679191,-0.54013467,0.15268405,0.00728397,-0.01290972,-0.04977988,0.01864043
-11.30180359,0.04147352,0.75911653,0.10060930,-0.01440358,0.99342359,0.05272456,-0.49497554,0.06784507,0.19714588,0.41606140,-0.05549657,0.06647461,-0.12737907,0.11011862,-0.05313038,1.14255106,-0.10429519,-0.07353672,0.04557039,0.03650124,0.36661246,0.78842908,0.52510303,-0.19983859,0.06269263,0.00738492,-0.03517394,-0.03949836,0.39031866,-0.54364347,0.18634009,-0.12232149,-0.01553726,-0.06119011,0.02230924
-11.38241959,0.03556554,0.75877887,0.10234845,-0.01561213,0.99286790,0.05911329,-0.47203931,0.05061878,0.18933168,0.35333508,-0.06075787,0.04598596,-0.12684722,0.07978104,-0.06207051,1.25101030,-0.03308151,-0.07252461,0.05004966,0.04254287,0.35854834,0.80187702,0.52435505,-0.19118784,0.07657036,0.00664118,-0.03690444,-0.03835363,0.39735290,-0.53839529,0.21068783,-0.19896698,-0.01762482,-0.06248471,0.02486656
-11.46370697,0.03018146,0.74993598,0.10965129,-0.01437193,0.99199936,0.06088778,-0.43719587,0.04266073,0.18878113,0.39155254,-0.06324591,0.03464994,-0.14771856,0.04374596,-0.06720972,1.35865951,0.00343607,-0.07142666,0.04171642,0.04037216,0.35849562,0.77053988,0.53776038,-0.17974454,0.10186467,0.00625202,-0.03144866,-0.03499392,0.41110289,-0.52449960,0.22174743,-0.21455421,-0.01875983,-0.05369654,0.02495493
-11.54456806,0.02481917,0.73542041,0.12016475,-0.01135123,0.99085378,0.06033542,-0.40514907,0.03508571,0.19560458,0.51210093,-0.06957296,0.03284772,-0.18424051,0.00884995,-0.06897413,1.43999374,0.00919073,-0.07012568,0.02489955,0.02511861,0.36878860,0.70183671,0.56282526,-0.16883205,0.13616760,0.00631109,-0.01778086,-0.03034986,0.42578119,-0.50488800,0.21926710,-0.17785388,-0.01878567,-0.03832907,0.02243879
-11.61453152,0.02328471,0.72727442,0.12773768,-0.00527388,0.99002436,0.05922029,-0.38035396,0.01796038,0.20288195,0.66925812,-0.10171770,0.04095808,-0.24883285,-0.01630050,-0.07337323,1.45604992,-0.00692817,-0.06684624,0.01148078,-0.00332481,0.39510053,0.60160768,0.58978784,-0.15921630,0.16441193,0.00668229,0.00000000,-0.02488243,0.43937582,-0.48205307,0.21077548,-0.10962068,-0.01783965,-0.02199734,0.01994955
-11.67754745,0.02247540,0.72728938,0.12935082,-0.00131154,0.98968873,0.06150505,-0.34785631,-0.00389588,0.20295700,0.78782725,-0.17846552,0.05528548,-0.33253363,-0.02575526,-0.08625555,1.39318216,-0.03131161,-0.05989738,0.01024133,-0.02414914,0.41874194,0.49336481,0.61542529,-0.14605813,0.16451535,0.00711893,0.00320213,-0.01761160,0.46421182,-0.46333927,0.20092635,-0.03752032,-0.01604871,-0.01235377,0.01926123
-11.73846149,0.02428573,0.73627925,0.12560518,0.00112879,0.99004834,0.06345349,-0.30208704,-0.01113501,0.20495509,0.87225848,-0.21281038,0.07426330,-0.40898466,-0.02267819,-0.10911170,1.24612498,-0.05352439,-0.04836210,0.02516650,-0.03240132,0.42200100,0.40093338,0.63995111,-0.12804946,0.12819019,0.00744266,0.00000000,-0.00871044,0.51476401,-0.45518512,0.18914989,0.02046967,-0.01363666,-0.01254305,0.02013693
-11.79876804,0.02738249,0.74915010,0.11768448,0.00345415,0.99097348,0.06410923,-0.26485765,-0.01190025,0.20902690,0.93886918,-0.19398031,0.09501211,-0.46191737,-0.01267938,-0.13461494,1.02978909,-0.06955358,-0.03315850,0.04901678,-0.03650157,0.41648030,0.33571106,0.66408712,-0.11031969,0.06508285,0.00761496,-0.01588585,0.00000000,0.59174675,-0.45610720,0.17580271,0.06137463,-0.01095858,-0.01972472,0.02211691
-11.86166191,0.02976192,0.76069939,0.10948106,0.00627142,0.99200452,0.06246277,-0.24309315,-0.00618660,0.21498954,1.00598001,-0.12501580,0.11492464,-0.48651582,0.00000000,-0.15150280,0.79230398,-0.08065666,-0.01671882,0.06944417,-0.03785844,0.40908927,0.29636899,0.68592483,-0.09799219,-0.01142315,0.00763897,-0.03241969,0.00000000,0.68269569,-0.46158004,0.16318505,0.09065798,-0.00840521,-0.02911570,0.02496206
-11.92601013,0.03176108,0.76883304,0.10421708,0.00876284,0.99290435,0.05659465,-0.23783812,0.00255637,0.22324091,1.08842623,-0.04064732,0.13166639,-0.48727855,0.02243027,-0.15130956,0.58807707,-0.09070370,-0.00200847,0.08280674,-0.03751891,0.40465698,0.27469778,0.70104748,-0.09031244,-0.08322997,0.00753749,-0.04675167,0.00000000,0.76229823,-0.46795529,0.15162699,0.11619212,-0.00628327,-0.03666655,0.02752560
-11.98985291,0.03483235,0.77294445,0.10329471,0.01153272,0.99339346,0.04864808,-0.25311172,0.02351328,0.22857136,1.18267167,0.02006084,0.14714594,-0.46429977,0.04417333,-0.13448302,0.45812705,-0.09868698,0.00760104,0.09344829,-0.04000838,0.40612489,0.26749066,0.70353097,-0.08591944,-0.13137485,0.00733210,-0.05501638,0.00000000,0.80835468,-0.47425967,0.14080568,0.14376949,-0.00476020,-0.04041723,0.02855363
-12.05444431,0.03837920,0.76791346,0.10573992,0.01328099,0.99331831,0.04428799,-0.28538302,0.06026161,0.22810689,1.26549983,0.04909768,0.16155300,-0.42045471,0.06129871,-0.11512102,0.42160431,-0.09952102,0.00975188,0.10801100,-0.04185168,0.41066357,0.27911285,0.69104952,-0.08479876,-0.14458267,0.00709253,-0.05515306,0.00000000,0.81417918,-0.48238754,0.13093467,0.17727058,-0.00388875,-0.03932660,0.02745411
-12.12035561,0.04239412,0.75504434,0.11122511,0.01139069,0.99272915,0.04458774,-0.32293046,0.10910770,0.22152665,1.31406176,0.04864372,0.17443864,-0.37465560,0.07600349,-0.10669864,0.46787980,-0.09682649,0.00418824,0.12669553,-0.03708435,0.41767085,0.30976331,0.66433704,-0.08950537,-0.12259937,0.00697468,-0.04748898,-0.00146360,0.77875048,-0.49126667,0.12353348,0.21624565,-0.00363445,-0.03363395,0.02457603
-12.18098927,0.04600461,0.74426442,0.11750128,0.00233716,0.99189078,0.04838037,-0.37020472,0.16165094,0.20969287,1.29242158,0.02759176,0.18489157,-0.34032705,0.09989426,-0.11439802,0.56731975,-0.10791732,-0.00620816,0.14255689,-0.01961488,0.43136466,0.35159293,0.62783170,-0.10303015,-0.07549909,0.00713863,-0.03462105,-0.00518440,0.70267034,-0.49600905,0.12047301,0.25134829,-0.00385287,-0.02730091,0.02085488
-12.23816681,0.04612271,0.74029398,0.12027423,-0.00910318,0.99153171,0.04812608,-0.42405391,0.20170800,0.20374407,1.20208740,0.00000000,0.19196399,-0.30123720,0.12202802,-0.12412596,0.66474867,-0.15465204,-0.01998992,0.14674543,0.00540882,0.43929434,0.39802983,0.59248012,-0.12339781,-0.02349459,0.00757575,-0.02282101,-0.01057016,0.60976958,-0.49439040,0.12193113,0.27061570,-0.00433311,-0.02570466,0.01707112
-12.29320335,0.04456648,0.74176049,0.11822996,-0.02109480,0.99203459,0.03800081,-0.47817913,0.22446831,0.21437414,1.05708969,-0.02939063,0.19492821,-0.24968608,0.14124210,-0.13087000,0.72246057,-0.23537025,-0.03384881,0.13765304,0.02948265,0.43453783,0.44833151,0.56679189,-0.14703608,0.01838694,0.00816786,-0.01548569,-0.01683668,0.52652258,-0.49068257,0.12445083,0.26802033,-0.00485636,-0.03175864,0.01278795
-12.34725285,0.04232233,0.74522859,0.11217001,-0.03421581,0.99285581,0.02201170,-0.52648431,0.23294023,0.23823191,0.88941014,-0.05187377,0.19456784,-0.19191690,0.16320859,-0.14233364,0.75877011,-0.29709476,-0.04426946,0.12525220,0.05075172,0.41953653,0.50221348,0.55323273,-0.16926728,0.04758335,0.00873627,-0.01062499,-0.02292636,0.46546555,-0.48947644,0.12456338,0.24884760,-0.00526240,-0.04349204,0.00718681
-12.40030766,0.04025571,0.74815118,0.10593027,-0.04471291,0.99334161,0.00720980,-0.57142192,0.23009154,0.26346347,0.75862741,-0.06772929,0.19291449,-0.13530375,0.18319561,-0.15279166,0.78195584,-0.32360703,-0.04972545,0.12499877,0.06438911,0.40377805,0.54588324,0.54989851,-0.18341269,0.06493927,0.00909339,-0.00649410,-0.02697790,0.42730746,-0.49211267,0.12161081,0.22495291,-0.00544561,-0.05621286,0.00000000
-12.40030766,0.04025571,0.74815118,0.10593027,-0.04471291,0.99334161,0.00720980,-0.57142192,0.23009154,0.26346347,0.75862741,-0.06772929,0.19291449,-0.13530375,0.18319561,-0.15279166,0.78195584,-0.32360703,-0.04972545,0.12499877,0.06438911,0.40377805,0.54588324,0.54989851,-0.18341269,0.06493927,0.00909339,-0.00649410,-0.02697790,0.42730746,-0.49211267,0.12161081,0.22495291,-0.00544561,-0.05621286,0.00000000
-12.40030766,0.04025571,0.75051317,0.08488127,-0.03582818,0.99572695,0.00627285,-0.51970771,0.18422417,0.21094360,0.74076073,-0.12658974,0.15445814,-0.17052709,0.14667666,-0.12233356,0.75943877,-0.33145978,-0.03981298,0.10008101,0.05155353,0.32328731,0.47693348,0.48014833,-0.14685046,0.17160043,0.00728068,-0.00519954,-0.02160001,0.38199507,-0.43388175,0.09736842,0.29971630,-0.00436006,-0.04500717,0.00000000
-12.40030766,0.04025571,0.75253835,0.06679763,-0.02819512,0.99735311,0.00546685,-0.47536774,0.14489730,0.16591285,0.72544175,-0.17705693,0.12148551,-0.20072773,0.11536516,-0.09621866,0.74013254,-0.33819276,-0.03131399,0.07871643,0.04054824,0.25427422,0.41781568,0.42034425,-0.11550187,0.26305213,0.00572645,-0.00408958,-0.01698900,0.34314405,-0.38395433,0.07658290,0.36381874,-0.00342931,-0.03539936,0.00000000
-12.40030766,0.04025571,0.75425263,0.05146959,-0.02172519,0.99842677,0.00478291,-0.43783476,0.11160781,0.12779514,0.71247452,-0.21977649,0.09357477,-0.22629202,0.08886055,-0.07411287,0.72379017,-0.34389211,-0.02411974,0.06063169,0.03123247,0.19585590,0.36777354,0.36972118,-0.08896585,0.34046435,0.00441083,-0.00315002,-0.01308585,0.31025737,-0.34169168,0.05898834,0.41808029,-0.00264144,-0.02726652,0.00000000
-12.40030766,0.04025571,0.75568192,0.03867865,-0.01632616,0.99910944,0.00421164,-0.40654152,0.08385260,0.09601438,0.70166305,-0.25539405,0.07030411,-0.24760632,0.06676225,-0.05568209,0.71016466,-0.34864396,-0.01812152,0.04555349,0.02346542,0.14714943,0.32605074,0.32751403,-0.06684136,0.40500702,0.00331392,-0.00236666,-0.00983160,0.28283799,-0.30645505,0.04431881,0.46332103,-0.00198455,-0.02048574,0.00000000
-12.40030766,0.04025571,0.75685212,0.02820063,-0.01190342,0.99952440,0.00374332,-0.38092077,0.06112855,0.06999449,0.69281136,-0.28455527,0.05125170,-0.26505701,0.04866968,-0.04059225,0.69900904,-0.35253445,-0.01321059,0.03320849,0.01710629,0.10727194,0.29189099,0.29295773,-0.04872735,0.45785012,0.00241585,-0.00172529,-0.00716723,0.26038890,-0.27760573,0.03230841,0.50036103,-0.00144674,-0.01493410,0.00000000
-12.40030766,0.04025571,0.75778914,0.01980777,-0.00836081,0.99976317,0.00336796,-0.36040526,0.04293253,0.04915936,0.68572348,-0.30790576,0.03599571,-0.27903044,0.03418227,-0.02850923,0.69007631,-0.35564971,-0.00927822,0.02332339,0.01201429,0.07534051,0.26453798,0.26528718,-0.03422278,0.50016360,0.00169673,-0.00121173,-0.00503378,0.24241305,-0.25450499,0.02269123,0.53002037,-0.00101609,-0.01048870,0.00000000
-12.40030766,0.04025571,0.75851890,0.01327022,-0.00560133,0.99989153,0.00307543,-0.34442774,0.02876144,0.03293293,0.68020343,-0.32609116,0.02411431,-0.28991297,0.02289945,-0.01909896,0.68311948,-0.35807588,-0.00621568,0.01562485,0.00804864,0.05047226,0.24323540,0.24373731,-0.02292659,0.53311741,0.00113667,-0.00081176,-0.00337224,0.22841343,-0.23651408,0.01520135,0.55311911,-0.00068070,-0.00702661,0.00000000
-12.40030766,0.04025571,0.75906729,0.00835693,-0.00352744,0.99995478,0.00285551,-0.33242097,0.01811216,0.02073911,0.67605522,-0.33975712,0.01518569,-0.29809097,0.01442065,-0.01202733,0.67789157,-0.35989910,-0.00391425,0.00983955,0.00506853,0.03178428,0.22722696,0.22754303,-0.01443773,0.55788152,0.00071581,-0.00051120,-0.00212362,0.21789301,-0.22299429,0.00957286,0.57047734,-0.00042866,-0.00442492,0.00000000
-12.40030766,0.04025571,0.75946024,0.00483623,-0.00204136,0.99998258,0.00269787,-0.32381769,0.01048158,0.01200180,0.67308288,-0.34954926,0.00878801,-0.30395079,0.00834528,-0.00696026,0.67414558,-0.36120550,-0.00226519,0.00569419,0.00293318,0.01839368,0.21575634,0.21593925,-0.00835517,0.57562588,0.00041424,-0.00029583,-0.00122895,0.21035475,-0.21330688,0.00553985,0.58291513,-0.00024807,-0.00256072,0.00000000
-12.40030766,0.04025571,0.75972364,0.00247616,-0.00104518,0.99999303,0.00259218,-0.31805066,0.00536657,0.00614492,0.67109044,-0.35611322,0.00449946,-0.30787880,0.00427278,-0.00356365,0.67163454,-0.36208121,-0.00115978,0.00291542,0.00150179,0.00941756,0.20806725,0.20816090,-0.00427785,0.58752045,0.00021209,-0.00015147,-0.00062922,0.20530163,-0.20681312,0.00283640,0.59125255,-0.00012701,-0.00131109,0.00000000
-12.40030766,0.04025571,0.75988341,0.00104463,-0.00044094,0.99999616,0.00252806,-0.31455262,0.00226402,0.00259239,0.66988190,-0.36009464,0.00189821,-0.31026137,0.00180258,-0.00150342,0.67011145,-0.36261239,-0.00048928,0.00122994,0.00063357,0.00397303,0.20340337,0.20344288,-0.00180472,0.59473519,0.00008948,-0.00006390,-0.00026545,0.20223663,-0.20287429,0.00119661,0.59630967,-0.00005358,-0.00055311,0.00000000
-12.40030766,0.04025571,0.75996546,0.00030952,-0.00013065,0.99999683,0.00249513,-0.31275633,0.00067082,0.00076812,0.66926130,-0.36213915,0.00056243,-0.31148485,0.00053410,-0.00044546,0.66932932,-0.36288515,-0.00014497,0.00036443,0.00018772,0.00117720,0.20100841,0.20102011,-0.00053473,0.59844006,0.00002651,-0.00001893,-0.00007865,0.20066270,-0.20085164,0.00035455,0.59890657,-0.00001588,-0.00016389,0.00000000
-12.40030766,0.04025571,0.75999568,0.00003869,-0.00001633,0.99999692,0.00248300,-0.31209454,0.00008385,0.00009601,0.66903266,-0.36289239,0.00007030,-0.31193561,0.00006676,-0.00005568,0.66904116,-0.36298564,-0.00001812,0.00004555,0.00002347,0.00014715,0.20012605,0.20012751,-0.00006684,0.59980501,0.00000331,-0.00000237,-0.00000983,0.20008284,-0.20010646,0.00004432,0.59986332,-0.00000198,-0.00002049,0.00000000
-12.40030766,0.04025571,0.76000000,-0.00000000,0.00000000,0.99999692,0.00248127,-0.31200000,0.00000000,0.00000000,0.66900000,-0.36300000,0.00000000,-0.31200000,0.00000000,0.00000000,0.66900000,-0.36300000,0.00000000,0.00000000,0.00000000,0.00000000,0.20000000,0.20000000,0.00000000,0.60000000,0.00000000,0.00000000,0.00000000,0.20000000,-0.20000000,0.00000000,0.60000000,0.00000000,0.00000000,0.00000000
-12.40030766,0.04025571,0.76000000,-0.00000000,0.00000000,0.99999692,0.00248127,-0.31200000,0.00000000,0.00000000,0.66900000,-0.36300000,0.00000000,-0.31200000,0.00000000,0.00000000,0.66900000,-0.36300000,0.00000000,0.00000000,0.00000000,0.00000000,0.20000000,0.20000000,0.00000000,0.60000000,0.00000000,0.00000000,0.00000000,0.20000000,-0.20000000,0.00000000,0.60000000,0.00000000,0.00000000,0.00000000
-12.40030766,0.04025571,0.76000000,-0.00000000,0.00000000,0.99999692,0.00248127,-0.31200000,0.00000000,0.00000000,0.66900000,-0.36300000,0.00000000,-0.31200000,0.00000000,0.00000000,0.66900000,-0.36300000,0.00000000,0.00000000,0.00000000,0.00000000,0.20000000,0.20000000,0.00000000,0.60000000,0.00000000,0.00000000,0.00000000,0.20000000,-0.20000000,0.00000000,0.60000000,0.00000000,0.00000000,0.00000000
-12.40030766,0.04025571,0.76000000,-0.00000000,0.00000000,0.99999692,0.00248127,-0.31200000,0.00000000,0.00000000,0.66900000,-0.36300000,0.00000000,-0.31200000,0.00000000,0.00000000,0.66900000,-0.36300000,0.00000000,0.00000000,0.00000000,0.00000000,0.20000000,0.20000000,0.00000000,0.60000000,0.00000000,0.00000000,0.00000000,0.20000000,-0.20000000,0.00000000,0.60000000,0.00000000,0.00000000,0.00000000
-12.40030766,0.04025571,0.76000000,-0.00000000,0.00000000,0.99999692,0.00248127,-0.31200000,0.00000000,0.00000000,0.66900000,-0.36300000,0.00000000,-0.31200000,0.00000000,0.00000000,0.66900000,-0.36300000,0.00000000,0.00000000,0.00000000,0.00000000,0.20000000,0.20000000,0.00000000,0.60000000,0.00000000,0.00000000,0.00000000,0.20000000,-0.20000000,0.00000000,0.60000000,0.00000000,0.00000000,0.00000000
-12.40030766,0.04025571,0.76000000,-0.00000000,0.00000000,0.99999692,0.00248127,-0.31200000,0.00000000,0.00000000,0.66900000,-0.36300000,0.00000000,-0.31200000,0.00000000,0.00000000,0.66900000,-0.36300000,0.00000000,0.00000000,0.00000000,0.00000000,0.20000000,0.20000000,0.00000000,0.60000000,0.00000000,0.00000000,0.00000000,0.20000000,-0.20000000,0.00000000,0.60000000,0.00000000,0.00000000,0.00000000
-12.40030766,0.04025571,0.76000000,-0.00000000,0.00000000,0.99999692,0.00248127,-0.31200000,0.00000000,0.00000000,0.66900000,-0.36300000,0.00000000,-0.31200000,0.00000000,0.00000000,0.66900000,-0.36300000,0.00000000,0.00000000,0.00000000,0.00000000,0.20000000,0.20000000,0.00000000,0.60000000,0.00000000,0.00000000,0.00000000,0.20000000,-0.20000000,0.00000000,0.60000000,0.00000000,0.00000000,0.00000000
-12.40030766,0.04025571,0.76000000,-0.00000000,0.00000000,0.99999692,0.00248127,-0.31200000,0.00000000,0.00000000,0.66900000,-0.36300000,0.00000000,-0.31200000,0.00000000,0.00000000,0.66900000,-0.36300000,0.00000000,0.00000000,0.00000000,0.00000000,0.20000000,0.20000000,0.00000000,0.60000000,0.00000000,0.00000000,0.00000000,0.20000000,-0.20000000,0.00000000,0.60000000,0.00000000,0.00000000,0.00000000
-12.40030766,0.04025571,0.76000000,-0.00000000,0.00000000,0.99999692,0.00248127,-0.31200000,0.00000000,0.00000000,0.66900000,-0.36300000,0.00000000,-0.31200000,0.00000000,0.00000000,0.66900000,-0.36300000,0.00000000,0.00000000,0.00000000,0.00000000,0.20000000,0.20000000,0.00000000,0.60000000,0.00000000,0.00000000,0.00000000,0.20000000,-0.20000000,0.00000000,0.60000000,0.00000000,0.00000000,0.00000000
-12.40030766,0.04025571,0.76000000,-0.00000000,0.00000000,0.99999692,0.00248127,-0.31200000,0.00000000,0.00000000,0.66900000,-0.36300000,0.00000000,-0.31200000,0.00000000,0.00000000,0.66900000,-0.36300000,0.00000000,0.00000000,0.00000000,0.00000000,0.20000000,0.20000000,0.00000000,0.60000000,0.00000000,0.00000000,0.00000000,0.20000000,-0.20000000,0.00000000,0.60000000,0.00000000,0.00000000,0.00000000
-12.40030766,0.04025571,0.76000000,-0.00000000,0.00000000,0.99999692,0.00248127,-0.31200000,0.00000000,0.00000000,0.66900000,-0.36300000,0.00000000,-0.31200000,0.00000000,0.00000000,0.66900000,-0.36300000,0.00000000,0.00000000,0.00000000,0.00000000,0.20000000,0.20000000,0.00000000,0.60000000,0.00000000,0.00000000,0.00000000,0.20000000,-0.20000000,0.00000000,0.60000000,0.00000000,0.00000000,0.00000000
-12.40030766,0.04025571,0.76000000,-0.00000000,0.00000000,0.99999692,0.00248127,-0.31200000,0.00000000,0.00000000,0.66900000,-0.36300000,0.00000000,-0.31200000,0.00000000,0.00000000,0.66900000,-0.36300000,0.00000000,0.00000000,0.00000000,0.00000000,0.20000000,0.20000000,0.00000000,0.60000000,0.00000000,0.00000000,0.00000000,0.20000000,-0.20000000,0.00000000,0.60000000,0.00000000,0.00000000,0.00000000
-12.40030766,0.04025571,0.76000000,-0.00000000,0.00000000,0.99999692,0.00248127,-0.31200000,0.00000000,0.00000000,0.66900000,-0.36300000,0.00000000,-0.31200000,0.00000000,0.00000000,0.66900000,-0.36300000,0.00000000,0.00000000,0.00000000,0.00000000,0.20000000,0.20000000,0.00000000,0.60000000,0.00000000,0.00000000,0.00000000,0.20000000,-0.20000000,0.00000000,0.60000000,0.00000000,0.00000000,0.00000000
-12.40030766,0.04025571,0.76000000,-0.00000000,0.00000000,0.99999692,0.00248127,-0.31200000,0.00000000,0.00000000,0.66900000,-0.36300000,0.00000000,-0.31200000,0.00000000,0.00000000,0.66900000,-0.36300000,0.00000000,0.00000000,0.00000000,0.00000000,0.20000000,0.20000000,0.00000000,0.60000000,0.00000000,0.00000000,0.00000000,0.20000000,-0.20000000,0.00000000,0.60000000,0.00000000,0.00000000,0.00000000
-12.40030766,0.04025571,0.76000000,-0.00000000,0.00000000,0.99999692,0.00248127,-0.31200000,0.00000000,0.00000000,0.66900000,-0.36300000,0.00000000,-0.31200000,0.00000000,0.00000000,0.66900000,-0.36300000,0.00000000,0.00000000,0.00000000,0.00000000,0.20000000,0.20000000,0.00000000,0.60000000,0.00000000,0.00000000,0.00000000,0.20000000,-0.20000000,0.00000000,0.60000000,0.00000000,0.00000000,0.00000000
-12.40030766,0.04025571,0.76000000,-0.00000000,0.00000000,0.99999692,0.00248127,-0.31200000,0.00000000,0.00000000,0.66900000,-0.36300000,0.00000000,-0.31200000,0.00000000,0.00000000,0.66900000,-0.36300000,0.00000000,0.00000000,0.00000000,0.00000000,0.20000000,0.20000000,0.00000000,0.60000000,0.00000000,0.00000000,0.00000000,0.20000000,-0.20000000,0.00000000,0.60000000,0.00000000,0.00000000,0.00000000
-12.40030766,0.04025571,0.76000000,-0.00000000,0.00000000,0.99999692,0.00248127,-0.31200000,0.00000000,0.00000000,0.66900000,-0.36300000,0.00000000,-0.31200000,0.00000000,0.00000000,0.66900000,-0.36300000,0.00000000,0.00000000,0.00000000,0.00000000,0.20000000,0.20000000,0.00000000,0.60000000,0.00000000,0.00000000,0.00000000,0.20000000,-0.20000000,0.00000000,0.60000000,0.00000000,0.00000000,0.00000000
-12.40030766,0.04025571,0.76000000,-0.00000000,0.00000000,0.99999692,0.00248127,-0.31200000,0.00000000,0.00000000,0.66900000,-0.36300000,0.00000000,-0.31200000,0.00000000,0.00000000,0.66900000,-0.36300000,0.00000000,0.00000000,0.00000000,0.00000000,0.20000000,0.20000000,0.00000000,0.60000000,0.00000000,0.00000000,0.00000000,0.20000000,-0.20000000,0.00000000,0.60000000,0.00000000,0.00000000,0.00000000
-12.40030766,0.04025571,0.76000000,-0.00000000,0.00000000,0.99999692,0.00248127,-0.31200000,0.00000000,0.00000000,0.66900000,-0.36300000,0.00000000,-0.31200000,0.00000000,0.00000000,0.66900000,-0.36300000,0.00000000,0.00000000,0.00000000,0.00000000,0.20000000,0.20000000,0.00000000,0.60000000,0.00000000,0.00000000,0.00000000,0.20000000,-0.20000000,0.00000000,0.60000000,0.00000000,0.00000000,0.00000000
-12.40030766,0.04025571,0.76000000,-0.00000000,0.00000000,0.99999692,0.00248127,-0.31200000,0.00000000,0.00000000,0.66900000,-0.36300000,0.00000000,-0.31200000,0.00000000,0.00000000,0.66900000,-0.36300000,0.00000000,0.00000000,0.00000000,0.00000000,0.20000000,0.20000000,0.00000000,0.60000000,0.00000000,0.00000000,0.00000000,0.20000000,-0.20000000,0.00000000,0.60000000,0.00000000,0.00000000,0.00000000
-12.40030766,0.04025571,0.76000000,-0.00000000,0.00000000,0.99999692,0.00248127,-0.31200000,0.00000000,0.00000000,0.66900000,-0.36300000,0.00000000,-0.31200000,0.00000000,0.00000000,0.66900000,-0.36300000,0.00000000,0.00000000,0.00000000,0.00000000,0.20000000,0.20000000,0.00000000,0.60000000,0.00000000,0.00000000,0.00000000,0.20000000,-0.20000000,0.00000000,0.60000000,0.00000000,0.00000000,0.00000000
-12.40030766,0.04025571,0.76000000,-0.00000000,0.00000000,0.99999692,0.00248127,-0.31200000,0.00000000,0.00000000,0.66900000,-0.36300000,0.00000000,-0.31200000,0.00000000,0.00000000,0.66900000,-0.36300000,0.00000000,0.00000000,0.00000000,0.00000000,0.20000000,0.20000000,0.00000000,0.60000000,0.00000000,0.00000000,0.00000000,0.20000000,-0.20000000,0.00000000,0.60000000,0.00000000,0.00000000,0.00000000
-12.40030766,0.04025571,0.76000000,-0.00000000,0.00000000,0.99999692,0.00248127,-0.31200000,0.00000000,0.00000000,0.66900000,-0.36300000,0.00000000,-0.31200000,0.00000000,0.00000000,0.66900000,-0.36300000,0.00000000,0.00000000,0.00000000,0.00000000,0.20000000,0.20000000,0.00000000,0.60000000,0.00000000,0.00000000,0.00000000,0.20000000,-0.20000000,0.00000000,0.60000000,0.00000000,0.00000000,0.00000000
-12.40030766,0.04025571,0.76000000,-0.00000000,0.00000000,0.99999692,0.00248127,-0.31200000,0.00000000,0.00000000,0.66900000,-0.36300000,0.00000000,-0.31200000,0.00000000,0.00000000,0.66900000,-0.36300000,0.00000000,0.00000000,0.00000000,0.00000000,0.20000000,0.20000000,0.00000000,0.60000000,0.00000000,0.00000000,0.00000000,0.20000000,-0.20000000,0.00000000,0.60000000,0.00000000,0.00000000,0.00000000
-12.40030766,0.04025571,0.76000000,-0.00000000,0.00000000,0.99999692,0.00248127,-0.31200000,0.00000000,0.00000000,0.66900000,-0.36300000,0.00000000,-0.31200000,0.00000000,0.00000000,0.66900000,-0.36300000,0.00000000,0.00000000,0.00000000,0.00000000,0.20000000,0.20000000,0.00000000,0.60000000,0.00000000,0.00000000,0.00000000,0.20000000,-0.20000000,0.00000000,0.60000000,0.00000000,0.00000000,0.00000000
-12.40030766,0.04025571,0.76000000,-0.00000000,0.00000000,0.99999692,0.00248127,-0.31200000,0.00000000,0.00000000,0.66900000,-0.36300000,0.00000000,-0.31200000,0.00000000,0.00000000,0.66900000,-0.36300000,0.00000000,0.00000000,0.00000000,0.00000000,0.20000000,0.20000000,0.00000000,0.60000000,0.00000000,0.00000000,0.00000000,0.20000000,-0.20000000,0.00000000,0.60000000,0.00000000,0.00000000,0.00000000
-12.40030766,0.04025571,0.76000000,-0.00000000,0.00000000,0.99999692,0.00248127,-0.31200000,0.00000000,0.00000000,0.66900000,-0.36300000,0.00000000,-0.31200000,0.00000000,0.00000000,0.66900000,-0.36300000,0.00000000,0.00000000,0.00000000,0.00000000,0.20000000,0.20000000,0.00000000,0.60000000,0.00000000,0.00000000,0.00000000,0.20000000,-0.20000000,0.00000000,0.60000000,0.00000000,0.00000000,0.00000000
-12.40030766,0.04025571,0.76000000,-0.00000000,0.00000000,0.99999692,0.00248127,-0.31200000,0.00000000,0.00000000,0.66900000,-0.36300000,0.00000000,-0.31200000,0.00000000,0.00000000,0.66900000,-0.36300000,0.00000000,0.00000000,0.00000000,0.00000000,0.20000000,0.20000000,0.00000000,0.60000000,0.00000000,0.00000000,0.00000000,0.20000000,-0.20000000,0.00000000,0.60000000,0.00000000,0.00000000,0.00000000
-12.40030766,0.04025571,0.76000000,-0.00000000,0.00000000,0.99999692,0.00248127,-0.31200000,0.00000000,0.00000000,0.66900000,-0.36300000,0.00000000,-0.31200000,0.00000000,0.00000000,0.66900000,-0.36300000,0.00000000,0.00000000,0.00000000,0.00000000,0.20000000,0.20000000,0.00000000,0.60000000,0.00000000,0.00000000,0.00000000,0.20000000,-0.20000000,0.00000000,0.60000000,0.00000000,0.00000000,0.00000000
-12.40030766,0.04025571,0.76000000,-0.00000000,0.00000000,0.99999692,0.00248127,-0.31200000,0.00000000,0.00000000,0.66900000,-0.36300000,0.00000000,-0.31200000,0.00000000,0.00000000,0.66900000,-0.36300000,0.00000000,0.00000000,0.00000000,0.00000000,0.20000000,0.20000000,0.00000000,0.60000000,0.00000000,0.00000000,0.00000000,0.20000000,-0.20000000,0.00000000,0.60000000,0.00000000,0.00000000,0.00000000
-12.40030766,0.04025571,0.76000000,-0.00000000,0.00000000,0.99999692,0.00248127,-0.31200000,0.00000000,0.00000000,0.66900000,-0.36300000,0.00000000,-0.31200000,0.00000000,0.00000000,0.66900000,-0.36300000,0.00000000,0.00000000,0.00000000,0.00000000,0.20000000,0.20000000,0.00000000,0.60000000,0.00000000,0.00000000,0.00000000,0.20000000,-0.20000000,0.00000000,0.60000000,0.00000000,0.00000000,0.00000000
